NOUN_AAKKOSELLISUUS	Uarch	e	NOUN_BACK_WEAK_SINGULARS	NOUN_BACK_WEAK_SINGULARS_ARCHAIC
NOUN_AAKKOSELLISUUS	Uarch	je	NOUN_BACK_WEAK_SINGULARS	NOUN_BACK_WEAK_SINGULARS_ARCHAIC
NOUN_AAMUYHDEKSÄN	Uarch		NOUN_FRONT_SINGULARS	NOUN_FRONT_SINGULARS_ARCHAIC
NOUN_AAMUYKSI	Uarch	he	NOUN_FRONT_WEAK_SINGULARS_ARCHAIC	NOUN_COMPOUND_N_ARCHAIC
PROPN_AHDET	Uarch	et	NOUN_BACK_NOMINATIVE_ARCHAIC
NOUN_AIKA	Uarch	’a	NOUN_BACK_WEAK_SINGULARS	NOUN_COMPOUND_N
NOUN_AIKA	Uarch	’o	NOUN_BACK_WEAK_PLURALS
NOUN_ALKU	Uarch	ju	NOUN_BACK_WEAK_SINGULARS	NOUN_BACK_WEAK_PLURALS	NOUN_COMPOUND_N
NOUN_ALKU	Uarch	gu	NOUN_BACK_WEAK_SINGULARS	NOUN_BACK_WEAK_PLURALS	NOUN_COMPOUND_N
NOUN_HAAKSI	Uarch	he	NOUN_BACK_WEAK_SINGULARS	NOUN_BACK_WEAK_SINGULARS_ARCHAIC
NOUN_HYLKY	Uarch	jy	NOUN_FRONT_WEAK_SINGULARS	NOUN_FRONT_WEAK_PLURALS	NOUN_COMPOUND_N
NOUN_HYLKY	Uarch	gy	NOUN_FRONT_WEAK_SINGULARS	NOUN_FRONT_WEAK_PLURALS	NOUN_COMPOUND_N
NOUN_HÄÄTÖ	Uarch	ö	NOUN_FRONT_WEAK_SINGULARS	NOUN_FRONT_WEAK_SINGULARS_ARCHAIC
NOUN_HÄÄTÖ	Uarch	jö	NOUN_FRONT_WEAK_SINGULARS	NOUN_FRONT_WEAK_SINGULARS_ARCHAIC
PROPN_JÄRVITAHDON	Uarch	on	NOUN_BACK_NOMINATIVE_ARCHAIC
NOUN_KAUSI	Uarch	e	NOUN_BACK_WEAK_SINGULARS	NOUN_BACK_WEAK_SINGULARS_ARCHAIC
NOUN_KAUSI	Uarch	je	NOUN_BACK_WEAK_SINGULARS	NOUN_BACK_WEAK_SINGULARS_ARCHAIC
NOUN_KIDE	Uarch	e	NOUN_FRONT_NOMINATIVE_ARCHAIC
NOUN_KIDE	Uarch	et	NOUN_FRONT_PARTITIVE_TÄ_ARCHAIC
NOUN_KUITU	Uarch	u	NOUN_BACK_WEAK_SINGULARS	NOUN_BACK_WEAK_SINGULARS_ARCHAIC
PROPN_KUUS	Uarch	e	NOUN_BACK_WEAK_SINGULARS	NOUN_BACK_WEAK_SINGULARS_ARCHAIC
PROPN_KUUS	Uarch	je	NOUN_BACK_WEAK_SINGULARS	NOUN_BACK_WEAK_SINGULARS_ARCHAIC
NOUN_KÖYHYYS	Uarch	e	NOUN_FRONT_WEAK_SINGULARS	NOUN_FRONT_WEAK_SINGULARS_ARCHAIC
NOUN_KÖYHYYS	Uarch	je	NOUN_FRONT_WEAK_SINGULARS	NOUN_FRONT_WEAK_SINGULARS_ARCHAIC
NOUN_KÖYSI	Uarch	je	NOUN_FRONT_WEAK_SINGULARS	NOUN_FRONT_WEAK_SINGULARS_ARCHAIC
NOUN_KÖYSI	Uarch	e	NOUN_FRONT_WEAK_SINGULARS	NOUN_FRONT_WEAK_SINGULARS_ARCHAIC
NOUN_LAHTI	Uarch	e	NOUN_BACK_WEAK_SINGULARS	NOUN_BACK_WEAK_SINGULARS_ARCHAIC
NOUN_LAHTI	Uarch		NOUN_BACK_WEAK_PLURALS	NOUN_BACK_WEAK_PLURALS_ARCHAIC
NOUN_LAIDUN	Uarch	jun	NOUN_BACK_NOMINATIVE_ARCHAIC
NOUN_LAIDUN	Uarch	’un	NOUN_BACK_NOMINATIVE_ARCHAIC
PROPN_LEHDET	Uarch	e	NOUN_FRONT_PLNOM_CLIT_ARCHAIC
PROPN_LEHDET	Uarch		NOUN_FRONT_WEAK_PLURALS	NOUN_FRONT_WEAK_PLURALS_ARCHAIC
NOUN_LEHTI	Uarch	e	NOUN_FRONT_WEAK_SINGULARS	NOUN_FRONT_WEAK_SINGULARS_ARCHAIC
NOUN_LEHTI	Uarch		NOUN_FRONT_WEAK_PLURALS	NOUN_FRONT_WEAK_PLURALS_ARCHAIC
NOUN_LUODE	Uarch	je	NOUN_BACK_NOMINATIVE_ARCHAIC
NOUN_LUODE	Uarch	’e	NOUN_BACK_NOMINATIVE_ARCHAIC
NOUN_LUODE	Uarch	e	NOUN_BACK_NOMINATIVE_ARCHAIC
NOUN_LUODE	Uarch	et	NOUN_BACK_PARTITIVE_TA_ARCHAIC
NOUN_LUODE	Uarch	jet	NOUN_BACK_PARTITIVE_TA_ARCHAIC
PROPN_LUODES	Uarch	es	NOUN_BACK_SINGULARS	NOUN_BACK_SINGULARS_ARCHAIC
PROPN_LÄHDET	Uarch	et	NOUN_FRONT_SINGULARS	NOUN_FRONT_SINGULARS_ARCHAIC
NOUN_NIHTI	Uarch	e	NOUN_FRONT_WEAK_PLURALS	NOUN_FRONT_WEAK_PLURALS_ARCHAIC
NOUN_NIHTI	Uarch	i	NOUN_FRONT_WEAK_SINGULARS	NOUN_FRONT_WEAK_SINGULARS_ARCHAIC
NOUN_OIKEUDET	Uarch	e	NOUN_BACK_PLNOM_CLIT_ARCHAIC
NOUN_PATA	Uarch	a	NOUN_BACK_WEAK_SINGULARS	NOUN_BACK_WEAK_SINGULARS	NOUN_BACK_WEAK_SINGULARS_ARCHAIC
NOUN_PATA	Uarch	ja	NOUN_BACK_WEAK_SINGULARS	NOUN_BACK_WEAK_SINGULARS	NOUN_BACK_WEAK_SINGULARS_ARCHAIC
NOUN_PATA	Uarch	o	NOUN_BACK_WEAK_PLURALS	NOUN_BACK_WEAK_PLURALS_ARCHAIC
NOUN_PATA	Uarch	jo	NOUN_BACK_WEAK_PLURALS	NOUN_BACK_WEAK_PLURALS_ARCHAIC
NOUN_PELKO	Uarch	jo	NOUN_BACK_WEAK_SINGULARS	NOUN_BACK_WEAK_PLURALS	NOUN_COMPOUND_N
NOUN_PELKO	Uarch	vo	NOUN_BACK_WEAK_SINGULARS	NOUN_BACK_WEAK_PLURALS	NOUN_COMPOUND_N
NOUN_PIHDIT	Uarch	e	NOUN_FRONT_WEAK_PLURALS	NOUN_FRONT_WEAK_PLURALS_ARCHAIC
NOUN_PIHDIT	Uarch	i	NOUN_FRONT_PLNOM_CLIT_ARCHAIC
NOUN_POIKA	Uarch	i’a	NOUN_BACK_WEAK_SINGULARS	NOUN_COMPOUND_N
NOUN_POIKA	Uarch	i’	NOUN_BACK_WEAK_PLURALS
NOUN_PÖYTÄ	Uarch		NOUN_FRONT_WEAK_PLURALS	NOUN_FRONT_WEAK_PLURALS_ARCHAIC
NOUN_PÖYTÄ	Uarch	j	NOUN_FRONT_WEAK_PLURALS	NOUN_FRONT_WEAK_PLURALS_ARCHAIC
NOUN_PÖYTÄ	Uarch	jä	NOUN_FRONT_WEAK_SINGULARS	NOUN_FRONT_WEAK_SINGULARS_ARCHAIC
NOUN_RAUDAT	Uarch	a	NOUN_BACK_PLNOM_CLIT_ARCHAIC
NOUN_RAUDAT	Uarch	ja	NOUN_BACK_PLNOM_CLIT_ARCHAIC
NOUN_RAUDAT	Uarch	o	NOUN_BACK_WEAK_PLURALS	NOUN_BACK_WEAK_PLURALS_ARCHAIC
NOUN_RAUDAT	Uarch	jo	NOUN_BACK_WEAK_PLURALS	NOUN_BACK_WEAK_PLURALS_ARCHAIC
NOUN_ROHTIMET	Uarch	in	NOUN_BACK_GENITIVE_TEN_ARCHAIC
NOUN_SOTA	Uarch	a	NOUN_BACK_WEAK_SINGULARS
NOUN_SOTA	Uarch	ja	NOUN_BACK_WEAK_SINGULARS
NOUN_SOTA	Uarch		NOUN_BACK_WEAK_PLURALS	NOUN_BACK_WEAK_PLURALS_ARCHAIC
NOUN_SOTA	Uarch	j	NOUN_BACK_WEAK_PLURALS	NOUN_BACK_WEAK_PLURALS_ARCHAIC
NOUN_SUHTEET	Uarch	e	NOUN_BACK_PLNOM_ARCHAIC_CLIT	NOUN_BACK_PLNOM_ARCHAIC_POSS
NOUN_SÄÄDIN	Uarch	in	NOUN_FRONT_NOMINATIVE_ARCHAIC	NOUN_FRONT_PARTITIVE_TÄ_ARCHAIC	NOUN_FRONT_GENITIVE_TEN_ARCHAIC	NOUN_COMPOUND_0_ARCHAIC	NOUN_COMPOUND_TEN_ARCHAIC
NOUN_TAUTI	Uarch	e	NOUN_BACK_WEAK_PLURALS	NOUN_BACK_WEAK_PLURALS_ARCHAIC
NOUN_TAUTI	Uarch	i	NOUN_BACK_WEAK_SINGULARS	NOUN_BACK_WEAK_SINGULARS_ARCHAIC
NOUN_TEHDAS	Uarch	as	NOUN_BACK_NOMINATIVE_ARCHAIC	NOUN_BACK_PARTITIVE_TA_ARCHAIC	NOUN_BACK_ESSIVE_NA_ARCHAIC	NOUN_BACK_GENITIVE_TEN_ARCHAIC	NOUN_COMPOUND_0_ARCHAIC
PROPN_TEHTAAT	Uarch	as	NOUN_BACK_GENITIVE_TEN_ARCHAIC	NOUN_COMPOUND_0_ARCHAIC
NOUN_UDAR	Uarch	ar	NOUN_BACK_NOMINATIVE_ARCHAIC	NOUN_BACK_PARTITIVE_TA_ARCHAIC	NOUN_BACK_GENITIVE_TEN_ARCHAIC	NOUN_COMPOUND_0_ARCHAIC	NOUN_COMPOUND_TEN_ARCHAIC
NOUN_VETO	Uarch	o	NOUN_BACK_WEAK_SINGULARS	NOUN_BACK_WEAK_SINGULARS_ARCHAIC	NOUN_BACK_WEAK_PLURALS	NOUN_BACK_WEAK_PLURALS_ARCHAIC	NOUN_COMPOUND_N_ARCHAIC
NOUN_VETO	Uarch	jo	NOUN_BACK_WEAK_SINGULARS	NOUN_BACK_WEAK_SINGULARS_ARCHAIC	NOUN_BACK_WEAK_PLURALS	NOUN_BACK_WEAK_PLURALS_ARCHAIC	NOUN_COMPOUND_N_ARCHAIC
NOUN_VETY	Uarch	y	NOUN_FRONT_WEAK_SINGULARS	NOUN_FRONT_WEAK_SINGULARS_ARCHAIC	NOUN_FRONT_WEAK_PLURALS	NOUN_FRONT_WEAK_PLURALS_ARCHAIC	NOUN_COMPOUND_N_ARCHAIC
NOUN_VETY	Uarch	jy	NOUN_FRONT_WEAK_SINGULARS	NOUN_FRONT_WEAK_SINGULARS_ARCHAIC	NOUN_FRONT_WEAK_PLURALS	NOUN_FRONT_WEAK_PLURALS_ARCHAIC	NOUN_COMPOUND_N_ARCHAIC
PROPN_VIIS	Uarch	e	NOUN_FRONT_WEAK_SINGULARS	NOUN_FRONT_WEAK_SINGULARS_ARCHAIC	NOUN_COMPOUND_N_ARCHAIC
PROPN_VIIS	Uarch	je	NOUN_FRONT_WEAK_SINGULARS	NOUN_FRONT_WEAK_SINGULARS_ARCHAIC	NOUN_COMPOUND_N_ARCHAIC
NOUN_VUODET	Uarch	e	NOUN_BACK_PLNOM_CLIT_ARCHAIC	NOUN_COMPOUND_N_ARCHAIC
NOUN_VUODET	Uarch	je	NOUN_BACK_PLNOM_CLIT_ARCHAIC	NOUN_COMPOUND_N_ARCHAIC
NOUN_AARRE	Uarch	te	NOUN_BACK_SINGULARS	NOUN_BACK_ILLATIVE_SEEN	NOUN_COMPOUND_N
PROPN_AHDET	Uarch	te	NOUN_BACK_SINGULARS	NOUN_BACK_ILLATIVE_SEEN	NOUN_COMPOUND_N
NOUN_HYNTTEET	Uarch	te	NOUN_FRONT_PLNOM_CLIT	NOUN_FRONT_PLNOM_POSS	NOUN_COMPOUND_N
PROPN_KAARRET	Uarch	te	NOUN_BACK_SINGULARS	NOUN_BACK_ILLATIVE_SEEN	NOUN_COMPOUND_N
NOUN_KIDE	Uarch	te	NOUN_FRONT_SINGULARS	NOUN_FRONT_ILLATIVE_SEEN	NOUN_COMPOUND_N
NOUN_KIERRE	Uarch	te	NOUN_FRONT_SINGULARS	NOUN_FRONT_ILLATIVE_SEEN	NOUN_COMPOUND_N
NOUN_KIINNE	Uarch	te	NOUN_FRONT_SINGULARS	NOUN_FRONT_ILLATIVE_SEEN	NOUN_COMPOUND_N
PROPN_KORTES	Uarch	te	NOUN_BACK_SINGULARS	NOUN_BACK_ILLATIVE_SEEN	NOUN_COMPOUND_N
NOUN_KÄSITE	Uarch	te	NOUN_FRONT_SINGULARS	NOUN_FRONT_ILLATIVE_SEEN	NOUN_COMPOUND_N
PROPN_LANNET	Uarch	te	NOUN_BACK_SINGULARS	NOUN_BACK_ILLATIVE_SEEN	NOUN_COMPOUND_N
PROPN_LUODES	Uarch	te	NOUN_BACK_SINGULARS	NOUN_BACK_ILLATIVE_SEEN	NOUN_COMPOUND_N
NOUN_LUODE	Uarch	te	NOUN_BACK_SINGULARS	NOUN_BACK_ILLATIVE_SEEN	NOUN_COMPOUND_N
PROPN_LÄHDES	Uarch	te	NOUN_FRONT_SINGULARS	NOUN_FRONT_ILLATIVE_SEEN	NOUN_COMPOUND_N
PROPN_LÄHDET	Uarch	te	NOUN_FRONT_SINGULARS	NOUN_FRONT_ILLATIVE_SEEN	NOUN_COMPOUND_N
NOUN_MIELLE	Uarch	te	NOUN_FRONT_SINGULARS	NOUN_FRONT_ILLATIVE_SEEN	NOUN_COMPOUND_N
PROPN_MURTEET	Uarch	te	NOUN_BACK_PLNOM_CLIT	NOUN_BACK_PLNOM_POSS	NOUN_COMPOUND_N
NOUN_OSOITE	Uarch	te	NOUN_BACK_SINGULARS	NOUN_BACK_ILLATIVE_SEEN	NOUN_COMPOUND_N
NOUN_RAKENNE	Uarch	te	NOUN_BACK_SINGULARS	NOUN_BACK_ILLATIVE_SEEN	NOUN_COMPOUND_N
PROPN_RINNET	Uarch	te	NOUN_FRONT_SINGULARS	NOUN_FRONT_ILLATIVE_SEEN	NOUN_COMPOUND_N
PROPN_RINTEET	Uarch	te	NOUN_FRONT_PLNOM_CLIT	NOUN_FRONT_PLNOM_POSS	NOUN_COMPOUND_N
PROPN_SALONTEET	Uarch	te	NOUN_BACK_PLNOM_CLIT	NOUN_BACK_PLNOM_POSS	NOUN_COMPOUND_N
NOUN_SUHTEET	Uarch	te	NOUN_BACK_PLNOM_CLIT	NOUN_BACK_PLNOM_POSS	NOUN_COMPOUND_N
NOUN_TIETEET	Uarch	te	NOUN_FRONT_PLNOM_CLIT	NOUN_FRONT_PLNOM_POSS	NOUN_COMPOUND_N
NOUN_VAATTEET	Uarch	te	NOUN_BACK_PLNOM_CLIT	NOUN_BACK_PLNOM_POSS	NOUN_COMPOUND_N
PROPN_VIIRRET	Uarch	te	NOUN_FRONT_SINGULARS	NOUN_FRONT_ILLATIVE_SEEN	NOUN_COMPOUND_N
NOUN_VUOLLE	Uarch	te	NOUN_BACK_SINGULARS	NOUN_BACK_ILLATIVE_SEEN	NOUN_COMPOUND_N
PROPN_VUOLLET	Uarch	te	NOUN_BACK_SINGULARS	NOUN_BACK_ILLATIVE_SEEN	NOUN_COMPOUND_N
PRON_ME	Npl|Xacc|Uarch	ijät	PRON_FRONT_CLIT_OPT
PRON_ME	Npl|Xgen|Uarch	ijän	PRON_FRONT_CLIT_OPT
VERB_KIVETTYÄ		ty	VERB_FRONT_AINF	VERB_FRONT_EINF	VERB_FRONT_STRONG_PRESENT	VERB_FRONT_3SG_Y	VERB_FRONT_STRONG_PAST	VERB_FRONT_CONDITIONAL	VERB_FRONT_IMPERATIVE	VERB_FRONT_POTENTIAL_N	VERB_FRONT_DERIV_PCPS	VERB_FRONT_OPTATIVE_0_ARCHAIC	VERB_FRONT_DERIV_JA	VERB_FRONT_DERIV_JA_ARCHAIC
VERB_EHTIÄ		ti	VERB_FRONT_DERIV_JA	VERB_FRONT_DERIV_JA_ARCHAIC	VERB_FRONT_AINF	VERB_FRONT_EINF	VERB_FRONT_STRONG_PRESENT	VERB_FRONT_3SG_I	VERB_FRONT_IMPERATIVE	VERB_FRONT_POTENTIAL_N	VERB_FRONT_DERIV_PCPS	VERB_FRONT_OPTATIVE_0_ARCHAIC
VERB_ENTÄÄ		tä	VERB_FRONT_DERIV_JA	VERB_FRONT_DERIV_JA_ARCHAIC	VERB_FRONT_AINF	VERB_FRONT_EINF	VERB_FRONT_STRONG_PRESENT	VERB_FRONT_3SG_Ä	VERB_FRONT_CONDITIONAL	VERB_FRONT_IMPERATIVE	VERB_FRONT_POTENTIAL_N	VERB_FRONT_DERIV_PCPS	VERB_FRONT_OPTATIVE_0_ARCHAIC
VERB_HIVENTÄÄ		tä	VERB_FRONT_DERIV_JA	VERB_FRONT_DERIV_JA_ARCHAIC	VERB_FRONT_AINF	VERB_FRONT_EINF	VERB_FRONT_STRONG_PRESENT	VERB_FRONT_3SG_Ä	VERB_FRONT_CONDITIONAL	VERB_FRONT_IMPERATIVE	VERB_FRONT_POTENTIAL_N	VERB_FRONT_DERIV_PCPS	VERB_FRONT_OPTATIVE_0_ARCHAIC
VERB_HYLKIÄ		ki	VERB_FRONT_DERIV_JA	VERB_FRONT_DERIV_JA_ARCHAIC	VERB_FRONT_AINF	VERB_FRONT_EINF	VERB_FRONT_STRONG_PRESENT	VERB_FRONT_3SG_I	VERB_FRONT_IMPERATIVE	VERB_FRONT_POTENTIAL_N	VERB_FRONT_DERIV_PCPS	VERB_FRONT_OPTATIVE_0_ARCHAIC
VERB_HYPPIÄ		pi	VERB_FRONT_DERIV_JA	VERB_FRONT_DERIV_JA_ARCHAIC	VERB_FRONT_AINF	VERB_FRONT_EINF	VERB_FRONT_STRONG_PRESENT	VERB_FRONT_3SG_I	VERB_FRONT_IMPERATIVE	VERB_FRONT_POTENTIAL_N	VERB_FRONT_DERIV_PCPS	VERB_FRONT_OPTATIVE_0_ARCHAIC
VERB_KIERTYÄ		ty	VERB_FRONT_DERIV_JA	VERB_FRONT_DERIV_JA_ARCHAIC	VERB_FRONT_AINF	VERB_FRONT_EINF	VERB_FRONT_STRONG_PRESENT	VERB_FRONT_3SG_Y	VERB_FRONT_STRONG_PAST	VERB_FRONT_CONDITIONAL	VERB_FRONT_IMPERATIVE	VERB_FRONT_POTENTIAL_N	VERB_FRONT_DERIV_PCPS	VERB_FRONT_OPTATIVE_0_ARCHAIC
VERB_KIITÄÄ		tä	VERB_FRONT_DERIV_JA	VERB_FRONT_DERIV_JA_ARCHAIC	VERB_FRONT_AINF	VERB_FRONT_EINF	VERB_FRONT_STRONG_PRESENT	VERB_FRONT_3SG_Ä	VERB_FRONT_CONDITIONAL	VERB_FRONT_IMPERATIVE	VERB_FRONT_POTENTIAL_N	VERB_FRONT_DERIV_PCPS	VERB_FRONT_OPTATIVE_0_ARCHAIC
VERB_KIVETTYÄ		ty	VERB_FRONT_DERIV_JA	VERB_FRONT_DERIV_JA_ARCHAIC	VERB_FRONT_AINF	VERB_FRONT_EINF	VERB_FRONT_STRONG_PRESENT	VERB_FRONT_3SG_Y	VERB_FRONT_STRONG_PAST	VERB_FRONT_CONDITIONAL	VERB_FRONT_IMPERATIVE	VERB_FRONT_POTENTIAL_N	VERB_FRONT_DERIV_PCPS	VERB_FRONT_OPTATIVE_0_ARCHAIC
VERB_KIVISTÄÄ		ä	VERB_FRONT_DERIV_JA	VERB_FRONT_DERIV_JA_ARCHAIC	VERB_FRONT_AINF	VERB_FRONT_EINF	VERB_FRONT_WEAK_PRESENT	VERB_FRONT_STRONG_PRESENT	VERB_FRONT_3SG_Ä	VERB_FRONT_CONDITIONAL	VERB_FRONT_IMPERATIVE	VERB_FRONT_POTENTIAL_N	VERB_FRONT_DERIV_PCPS	VERB_FRONT_OPTATIVE_0_ARCHAIC	VERB_FRONT_EINF_I_ARCHAIC
VERB_KYNTÄÄ		tä	VERB_FRONT_DERIV_JA	VERB_FRONT_DERIV_JA_ARCHAIC	VERB_FRONT_AINF	VERB_FRONT_EINF	VERB_FRONT_STRONG_PRESENT	VERB_FRONT_3SG_Ä	VERB_FRONT_CONDITIONAL	VERB_FRONT_IMPERATIVE	VERB_FRONT_POTENTIAL_N	VERB_FRONT_DERIV_PCPS	VERB_FRONT_OPTATIVE_0_ARCHAIC
VERB_KYTKEÄ		e	VERB_FRONT_DERIV_JA	VERB_FRONT_DERIV_JA_ARCHAIC	VERB_FRONT_AINF	VERB_FRONT_WEAK_PRESENT	VERB_FRONT_STRONG_PRESENT	VERB_FRONT_3SG_E	VERB_FRONT_IMPERATIVE	VERB_FRONT_POTENTIAL_N	VERB_FRONT_PASSIVE_T	VERB_FRONT_DERIV_PCPS	VERB_FRONT_OPTATIVE_0_ARCHAIC
VERB_KÄRKKYÄ		ky	VERB_FRONT_DERIV_JA	VERB_FRONT_DERIV_JA_ARCHAIC	VERB_FRONT_AINF	VERB_FRONT_EINF	VERB_FRONT_STRONG_PRESENT	VERB_FRONT_3SG_Y	VERB_FRONT_STRONG_PAST	VERB_FRONT_CONDITIONAL	VERB_FRONT_IMPERATIVE	VERB_FRONT_POTENTIAL_N	VERB_FRONT_DERIV_PCPS	VERB_FRONT_OPTATIVE_0_ARCHAIC
VERB_LEPPYÄ		py	VERB_FRONT_DERIV_JA	VERB_FRONT_DERIV_JA_ARCHAIC	VERB_FRONT_AINF	VERB_FRONT_EINF	VERB_FRONT_STRONG_PRESENT	VERB_FRONT_3SG_Y	VERB_FRONT_STRONG_PAST	VERB_FRONT_CONDITIONAL	VERB_FRONT_IMPERATIVE	VERB_FRONT_POTENTIAL_N	VERB_FRONT_DERIV_PCPS	VERB_FRONT_OPTATIVE_0_ARCHAIC
VERB_LÄHTEÄ		hte	VERB_FRONT_DERIV_JA	VERB_FRONT_DERIV_JA_ARCHAIC	VERB_FRONT_AINF	VERB_FRONT_STRONG_PRESENT	VERB_FRONT_3SG_E	VERB_FRONT_IMPERATIVE	VERB_FRONT_POTENTIAL_N	VERB_FRONT_DERIV_PCPS	VERB_FRONT_OPTATIVE_0_ARCHAIC
VERB_MIELTYÄ		ty	VERB_FRONT_DERIV_JA	VERB_FRONT_DERIV_JA_ARCHAIC	VERB_FRONT_AINF	VERB_FRONT_EINF	VERB_FRONT_STRONG_PRESENT	VERB_FRONT_3SG_Y	VERB_FRONT_STRONG_PAST	VERB_FRONT_CONDITIONAL	VERB_FRONT_IMPERATIVE	VERB_FRONT_POTENTIAL_N	VERB_FRONT_DERIV_PCPS	VERB_FRONT_OPTATIVE_0_ARCHAIC
VERB_MIETTIÄ		ti	VERB_FRONT_DERIV_JA	VERB_FRONT_DERIV_JA_ARCHAIC	VERB_FRONT_AINF	VERB_FRONT_EINF	VERB_FRONT_STRONG_PRESENT	VERB_FRONT_3SG_I	VERB_FRONT_IMPERATIVE	VERB_FRONT_POTENTIAL_N	VERB_FRONT_DERIV_PCPS	VERB_FRONT_OPTATIVE_0_ARCHAIC
VERB_MÄIKYÄ		ky	VERB_FRONT_DERIV_JA	VERB_FRONT_DERIV_JA_ARCHAIC	VERB_FRONT_AINF	VERB_FRONT_EINF	VERB_FRONT_STRONG_PRESENT	VERB_FRONT_3SG_Y	VERB_FRONT_STRONG_PAST	VERB_FRONT_CONDITIONAL	VERB_FRONT_IMPERATIVE	VERB_FRONT_POTENTIAL_N	VERB_FRONT_DERIV_PCPS
VERB_MÖNKIÄ		ki	VERB_FRONT_DERIV_JA	VERB_FRONT_DERIV_JA_ARCHAIC	VERB_FRONT_AINF	VERB_FRONT_EINF	VERB_FRONT_STRONG_PRESENT	VERB_FRONT_3SG_I	VERB_FRONT_IMPERATIVE	VERB_FRONT_POTENTIAL_N	VERB_FRONT_DERIV_PCPS	VERB_FRONT_OPTATIVE_0_ARCHAIC
VERB_NÄPERTÄÄ		tä	VERB_FRONT_DERIV_JA	VERB_FRONT_DERIV_JA_ARCHAIC	VERB_FRONT_AINF	VERB_FRONT_EINF	VERB_FRONT_STRONG_PRESENT	VERB_FRONT_3SG_Ä	VERB_FRONT_CONDITIONAL	VERB_FRONT_IMPERATIVE	VERB_FRONT_POTENTIAL_N	VERB_FRONT_DERIV_PCPS	VERB_FRONT_DERIV_PCPS	VERB_FRONT_OPTATIVE_0_ARCHAIC
VERB_PYYTÄÄ		tä	VERB_FRONT_DERIV_JA	VERB_FRONT_DERIV_JA_ARCHAIC	VERB_FRONT_AINF	VERB_FRONT_EINF	VERB_FRONT_STRONG_PRESENT	VERB_FRONT_3SG_Ä	VERB_FRONT_CONDITIONAL	VERB_FRONT_IMPERATIVE	VERB_FRONT_POTENTIAL_N	VERB_FRONT_DERIV_PCPS	VERB_FRONT_OPTATIVE_0_ARCHAIC
VERB_PÄTEÄ		te	VERB_FRONT_DERIV_JA	VERB_FRONT_DERIV_JA_ARCHAIC	VERB_FRONT_AINF	VERB_FRONT_STRONG_PRESENT	VERB_FRONT_3SG_E	VERB_FRONT_IMPERATIVE	VERB_FRONT_POTENTIAL_N	VERB_FRONT_DERIV_PCPS	VERB_FRONT_OPTATIVE_0_ARCHAIC
VERB_RIIPIÄ		pi	VERB_FRONT_DERIV_JA	VERB_FRONT_DERIV_JA_ARCHAIC	VERB_FRONT_AINF	VERB_FRONT_EINF	VERB_FRONT_STRONG_PRESENT	VERB_FRONT_3SG_I	VERB_FRONT_IMPERATIVE	VERB_FRONT_POTENTIAL_N	VERB_FRONT_DERIV_PCPS	VERB_FRONT_OPTATIVE_0_ARCHAIC
VERB_RYPEÄ		pe	VERB_FRONT_DERIV_JA	VERB_FRONT_DERIV_JA_ARCHAIC	VERB_FRONT_AINF	VERB_FRONT_STRONG_PRESENT	VERB_FRONT_3SG_E	VERB_FRONT_IMPERATIVE	VERB_FRONT_POTENTIAL_N	VERB_FRONT_DERIV_PCPS	VERB_FRONT_OPTATIVE_0_ARCHAIC
VERB_RYSKIÄ		i	VERB_FRONT_DERIV_JA	VERB_FRONT_DERIV_JA_ARCHAIC	VERB_FRONT_AINF	VERB_FRONT_EINF	VERB_FRONT_WEAK_PRESENT	VERB_FRONT_STRONG_PRESENT	VERB_FRONT_3SG_I	VERB_FRONT_IMPERATIVE	VERB_FRONT_POTENTIAL_N	VERB_FRONT_PASSIVE_T	VERB_FRONT_DERIV_PCPS	VERB_FRONT_OPTATIVE_0_ARCHAIC
VERB_RÄPSYTTÄÄ		tä	VERB_FRONT_DERIV_JA	VERB_FRONT_DERIV_JA_ARCHAIC	VERB_FRONT_AINF	VERB_FRONT_EINF	VERB_FRONT_STRONG_PRESENT	VERB_FRONT_3SG_Ä	VERB_FRONT_CONDITIONAL	VERB_FRONT_IMPERATIVE	VERB_FRONT_POTENTIAL_N	VERB_FRONT_DERIV_PCPS	VERB_FRONT_OPTATIVE_0_ARCHAIC
VERB_SILIYTYÄ		ty	VERB_FRONT_DERIV_JA	VERB_FRONT_DERIV_JA_ARCHAIC	VERB_FRONT_AINF	VERB_FRONT_EINF	VERB_FRONT_STRONG_PRESENT	VERB_FRONT_3SG_Y	VERB_FRONT_STRONG_PAST	VERB_FRONT_CONDITIONAL	VERB_FRONT_IMPERATIVE	VERB_FRONT_POTENTIAL_N	VERB_FRONT_DERIV_PCPS	VERB_FRONT_OPTATIVE_0_ARCHAIC
VERB_SYÖPYÄ		py	VERB_FRONT_DERIV_JA	VERB_FRONT_DERIV_JA_ARCHAIC	VERB_FRONT_AINF	VERB_FRONT_EINF	VERB_FRONT_STRONG_PRESENT	VERB_FRONT_3SG_Y	VERB_FRONT_STRONG_PAST	VERB_FRONT_CONDITIONAL	VERB_FRONT_IMPERATIVE	VERB_FRONT_POTENTIAL_N	VERB_FRONT_DERIV_PCPS	VERB_FRONT_OPTATIVE_0_ARCHAIC
VERB_SÄRKEÄ		ke	VERB_FRONT_DERIV_JA	VERB_FRONT_DERIV_JA_ARCHAIC	VERB_FRONT_AINF	VERB_FRONT_STRONG_PRESENT	VERB_FRONT_3SG_E	VERB_FRONT_IMPERATIVE	VERB_FRONT_POTENTIAL_N	VERB_FRONT_DERIV_PCPS	VERB_FRONT_OPTATIVE_0_ARCHAIC
VERB_SÖRKKIÄ		ki	VERB_FRONT_DERIV_JA	VERB_FRONT_DERIV_JA_ARCHAIC	VERB_FRONT_AINF	VERB_FRONT_EINF	VERB_FRONT_STRONG_PRESENT	VERB_FRONT_3SG_I	VERB_FRONT_IMPERATIVE	VERB_FRONT_POTENTIAL_N	VERB_FRONT_DERIV_PCPS	VERB_FRONT_OPTATIVE_0_ARCHAIC
VERB_TIETÄÄ		tä	VERB_FRONT_DERIV_JA	VERB_FRONT_DERIV_JA_ARCHAIC	VERB_FRONT_AINF	VERB_FRONT_EINF	VERB_FRONT_STRONG_PRESENT	VERB_FRONT_3SG_Ä	VERB_FRONT_CONDITIONAL	VERB_FRONT_IMPERATIVE	VERB_FRONT_POTENTIAL_N	VERB_FRONT_DERIV_PCPS	VERB_FRONT_OPTATIVE_0_ARCHAIC
VERB_TYHJENTYÄ		ty	VERB_FRONT_DERIV_JA	VERB_FRONT_DERIV_JA_ARCHAIC	VERB_FRONT_AINF	VERB_FRONT_EINF	VERB_FRONT_STRONG_PRESENT	VERB_FRONT_3SG_Y	VERB_FRONT_STRONG_PAST	VERB_FRONT_CONDITIONAL	VERB_FRONT_IMPERATIVE	VERB_FRONT_POTENTIAL_N	VERB_FRONT_DERIV_PCPS	VERB_FRONT_OPTATIVE_0_ARCHAIC
VERB_TYMPIÄ		pi	VERB_FRONT_DERIV_JA	VERB_FRONT_DERIV_JA_ARCHAIC	VERB_FRONT_AINF	VERB_FRONT_EINF	VERB_FRONT_STRONG_PRESENT	VERB_FRONT_3SG_I	VERB_FRONT_IMPERATIVE	VERB_FRONT_POTENTIAL_N	VERB_FRONT_DERIV_PCPS	VERB_FRONT_OPTATIVE_0_ARCHAIC
VERB_VIHELTÄÄ		tä	VERB_FRONT_DERIV_JA	VERB_FRONT_DERIV_JA_ARCHAIC	VERB_FRONT_AINF	VERB_FRONT_EINF	VERB_FRONT_STRONG_PRESENT	VERB_FRONT_3SG_Ä	VERB_FRONT_CONDITIONAL	VERB_FRONT_IMPERATIVE	VERB_FRONT_POTENTIAL_N	VERB_FRONT_DERIV_PCPS	VERB_FRONT_OPTATIVE_0_ARCHAIC
VERB_YLTÄÄ		tä	VERB_FRONT_DERIV_JA	VERB_FRONT_DERIV_JA_ARCHAIC	VERB_FRONT_AINF	VERB_FRONT_EINF	VERB_FRONT_STRONG_PRESENT	VERB_FRONT_3SG_Ä	VERB_FRONT_CONDITIONAL	VERB_FRONT_IMPERATIVE	VERB_FRONT_POTENTIAL_N	VERB_FRONT_DERIV_PCPS	VERB_FRONT_OPTATIVE_0_ARCHAIC
VERB_YSKÄHTÄÄ		tä	VERB_FRONT_DERIV_JA	VERB_FRONT_DERIV_JA_ARCHAIC	VERB_FRONT_AINF	VERB_FRONT_EINF	VERB_FRONT_STRONG_PRESENT	VERB_FRONT_3SG_Ä	VERB_FRONT_CONDITIONAL	VERB_FRONT_IMPERATIVE	VERB_FRONT_POTENTIAL_N	VERB_FRONT_DERIV_PCPS	VERB_FRONT_OPTATIVE_0_ARCHAIC
VERB_ISÄNNÖIDÄ		i	VERB_FRONT_DERIV_JA	VERB_FRONT_DERIV_JA_ARCHAIC	VERB_FRONT_WEAK_PRESENT	VERB_FRONT_STRONG_PRESENT	VERB_FRONT_IMPERATIVE	VERB_FRONT_POTENTIAL_N	VERB_FRONT_PASSIVE_D	VERB_FRONT_PASSIVE	VERB_FRONT_TUPCP_D	VERB_FRONT_DERIV_PCPS	VERB_FRONT_OPTATIVE_0_ARCHAIC
VERB_JÄÄDÄ		ä	VERB_FRONT_DERIV_JA	VERB_FRONT_DERIV_JA_ARCHAIC	VERB_FRONT_WEAK_PRESENT	VERB_FRONT_STRONG_PRESENT	VERB_FRONT_IMPERATIVE	VERB_FRONT_POTENTIAL_N	VERB_FRONT_PASSIVE_D	VERB_FRONT_PASSIVE	VERB_FRONT_TUPCP_D	VERB_FRONT_DERIV_PCPS	VERB_FRONT_OPTATIVE_0_ARCHAIC
VERB_KÄYDÄ		y	VERB_FRONT_DERIV_JA	VERB_FRONT_DERIV_JA_ARCHAIC	VERB_FRONT_WEAK_PRESENT	VERB_FRONT_STRONG_PRESENT	VERB_FRONT_IMPERATIVE	VERB_FRONT_POTENTIAL_N	VERB_FRONT_PASSIVE_D	VERB_FRONT_PASSIVE	VERB_FRONT_TUPCP_D	VERB_FRONT_DERIV_PCPS	VERB_FRONT_OPTATIVE_0_ARCHAIC
VERB_MYYDÄ		y	VERB_FRONT_DERIV_JA	VERB_FRONT_DERIV_JA_ARCHAIC	VERB_FRONT_WEAK_PRESENT	VERB_FRONT_STRONG_PRESENT	VERB_FRONT_IMPERATIVE	VERB_FRONT_POTENTIAL_N	VERB_FRONT_PASSIVE_D	VERB_FRONT_PASSIVE	VERB_FRONT_TUPCP_D	VERB_FRONT_DERIV_PCPS	VERB_FRONT_OPTATIVE_0_ARCHAIC
VERB_SYÖDÄ		yö	VERB_FRONT_DERIV_JA	VERB_FRONT_DERIV_JA_ARCHAIC	VERB_FRONT_WEAK_PRESENT	VERB_FRONT_STRONG_PRESENT	VERB_FRONT_IMPERATIVE	VERB_FRONT_POTENTIAL_N	VERB_FRONT_PASSIVE_D	VERB_FRONT_PASSIVE	VERB_FRONT_TUPCP_D	VERB_FRONT_DERIV_PCPS	VERB_FRONT_OPTATIVE_0_ARCHAIC
VERB_VIEDÄ		ie	VERB_FRONT_DERIV_JA	VERB_FRONT_DERIV_JA_ARCHAIC	VERB_FRONT_WEAK_PRESENT	VERB_FRONT_STRONG_PRESENT	VERB_FRONT_IMPERATIVE	VERB_FRONT_POTENTIAL_N	VERB_FRONT_PASSIVE_D	VERB_FRONT_PASSIVE	VERB_FRONT_TUPCP_D	VERB_FRONT_DERIV_PCPS	VERB_FRONT_OPTATIVE_0_ARCHAIC
VERB_ÖYKKÄRÖIDÄ		i	VERB_FRONT_DERIV_JA	VERB_FRONT_DERIV_JA_ARCHAIC	VERB_FRONT_WEAK_PRESENT	VERB_FRONT_STRONG_PRESENT	VERB_FRONT_IMPERATIVE	VERB_FRONT_POTENTIAL_N	VERB_FRONT_PASSIVE_D	VERB_FRONT_PASSIVE	VERB_FRONT_TUPCP_D	VERB_FRONT_DERIV_PCPS	VERB_FRONT_OPTATIVE_0_ARCHAIC
VERB_HELLITÄ		tiä	VERB_FRONT_DERIV_JA	VERB_FRONT_DERIV_JA_ARCHAIC	VERB_FRONT_WEAK_PRESENT	VERB_FRONT_STRONG_PRESENT	VERB_FRONT_3SG_Ä	VERB_FRONT_CONDITIONAL	VERB_FRONT_DERIV_PCPS
VERB_HERÄTELLÄ		teli	VERB_FRONT_DERIV_JA	VERB_FRONT_DERIV_JA_ARCHAIC	VERB_FRONT_WEAK_PRESENT	VERB_FRONT_STRONG_PRESENT	VERB_FRONT_3SG_E	VERB_FRONT_DERIV_PCPS
VERB_HYPELLÄ		peli	VERB_FRONT_DERIV_JA	VERB_FRONT_DERIV_JA_ARCHAIC	VERB_FRONT_WEAK_PRESENT	VERB_FRONT_STRONG_PRESENT	VERB_FRONT_3SG_E	VERB_FRONT_DERIV_PCPS
VERB_HÄVÄISTÄ		päisi	VERB_FRONT_DERIV_JA	VERB_FRONT_DERIV_JA_ARCHAIC	VERB_FRONT_WEAK_PRESENT	VERB_FRONT_STRONG_PRESENT	VERB_FRONT_3SG_E	VERB_FRONT_DERIV_PCPS
VERB_ILJETÄ		keä	VERB_FRONT_DERIV_JA	VERB_FRONT_DERIV_JA_ARCHAIC	VERB_FRONT_WEAK_PRESENT	VERB_FRONT_STRONG_PRESENT	VERB_FRONT_3SG_Ä	VERB_FRONT_CONDITIONAL	VERB_FRONT_DERIV_PCPS
VERB_ISÄNNÖIDÄ		i	VERB_FRONT_DERIV_JA	VERB_FRONT_DERIV_JA_ARCHAIC	VERB_FRONT_WEAK_PRESENT	VERB_FRONT_STRONG_PRESENT	VERB_FRONT_IMPERATIVE	VERB_FRONT_POTENTIAL_N	VERB_FRONT_PASSIVE_D	VERB_FRONT_PASSIVE	VERB_FRONT_TUPCP_D	VERB_FRONT_DERIV_PCPS	VERB_FRONT_OPTATIVE_0_ARCHAIC
VERB_JYRKETÄ		keni	VERB_FRONT_DERIV_JA	VERB_FRONT_DERIV_JA_ARCHAIC	VERB_FRONT_WEAK_PRESENT	VERB_FRONT_STRONG_PRESENT	VERB_FRONT_3SG_E	VERB_FRONT_DERIV_PCPS
VERB_JÄÄDÄ		ä	VERB_FRONT_DERIV_JA	VERB_FRONT_DERIV_JA_ARCHAIC	VERB_FRONT_WEAK_PRESENT	VERB_FRONT_STRONG_PRESENT	VERB_FRONT_IMPERATIVE	VERB_FRONT_POTENTIAL_N	VERB_FRONT_PASSIVE_D	VERB_FRONT_PASSIVE	VERB_FRONT_TUPCP_D	VERB_FRONT_DERIV_PCPS	VERB_FRONT_OPTATIVE_0_ARCHAIC
VERB_KERETÄ		keä	VERB_FRONT_DERIV_JA	VERB_FRONT_DERIV_JA_ARCHAIC	VERB_FRONT_WEAK_PRESENT	VERB_FRONT_STRONG_PRESENT	VERB_FRONT_3SG_Ä	VERB_FRONT_CONDITIONAL	VERB_FRONT_DERIV_PCPS
VERB_KERITÄ		kiä	VERB_FRONT_DERIV_JA	VERB_FRONT_DERIV_JA_ARCHAIC	VERB_FRONT_WEAK_PRESENT	VERB_FRONT_STRONG_PRESENT	VERB_FRONT_3SG_Ä	VERB_FRONT_CONDITIONAL	VERB_FRONT_DERIV_PCPS
VERB_KIHERRELLÄ		teli	VERB_FRONT_DERIV_JA	VERB_FRONT_DERIV_JA_ARCHAIC	VERB_FRONT_WEAK_PRESENT	VERB_FRONT_STRONG_PRESENT	VERB_FRONT_3SG_E	VERB_FRONT_DERIV_PCPS
VERB_KIILLELLÄ		teli	VERB_FRONT_DERIV_JA	VERB_FRONT_DERIV_JA_ARCHAIC	VERB_FRONT_WEAK_PRESENT	VERB_FRONT_STRONG_PRESENT	VERB_FRONT_3SG_E	VERB_FRONT_DERIV_PCPS
VERB_KIINNETÄ		teni	VERB_FRONT_DERIV_JA	VERB_FRONT_DERIV_JA_ARCHAIC	VERB_FRONT_WEAK_PRESENT	VERB_FRONT_STRONG_PRESENT	VERB_FRONT_3SG_E	VERB_FRONT_DERIV_PCPS
VERB_KIVETÄ		peni	VERB_FRONT_DERIV_JA	VERB_FRONT_DERIV_JA_ARCHAIC	VERB_FRONT_WEAK_PRESENT	VERB_FRONT_STRONG_PRESENT	VERB_FRONT_3SG_E	VERB_FRONT_DERIV_PCPS
VERB_KIVISTÄÄ		ä	VERB_FRONT_DERIV_JA	VERB_FRONT_DERIV_JA_ARCHAIC	VERB_FRONT_AINF	VERB_FRONT_EINF	VERB_FRONT_WEAK_PRESENT	VERB_FRONT_STRONG_PRESENT	VERB_FRONT_3SG_Ä	VERB_FRONT_CONDITIONAL	VERB_FRONT_IMPERATIVE	VERB_FRONT_POTENTIAL_N	VERB_FRONT_DERIV_PCPS	VERB_FRONT_OPTATIVE_0_ARCHAIC	VERB_FRONT_EINF_I_ARCHAIC
VERB_KYTKEÄ		i	VERB_FRONT_DERIV_JA	VERB_FRONT_DERIV_JA_ARCHAIC	VERB_FRONT_AINF	VERB_FRONT_WEAK_PRESENT	VERB_FRONT_STRONG_PRESENT	VERB_FRONT_3SG_E	VERB_FRONT_IMPERATIVE	VERB_FRONT_POTENTIAL_N	VERB_FRONT_PASSIVE_T	VERB_FRONT_DERIV_PCPS	VERB_FRONT_OPTATIVE_0_ARCHAIC
VERB_KÄYDÄ		y	VERB_FRONT_DERIV_JA	VERB_FRONT_DERIV_JA_ARCHAIC	VERB_FRONT_WEAK_PRESENT	VERB_FRONT_STRONG_PRESENT	VERB_FRONT_IMPERATIVE	VERB_FRONT_POTENTIAL_N	VERB_FRONT_PASSIVE_D	VERB_FRONT_PASSIVE	VERB_FRONT_TUPCP_D	VERB_FRONT_DERIV_PCPS	VERB_FRONT_OPTATIVE_0_ARCHAIC
VERB_KÄÄNNELLÄ		teli	VERB_FRONT_DERIV_JA	VERB_FRONT_DERIV_JA_ARCHAIC	VERB_FRONT_WEAK_PRESENT	VERB_FRONT_STRONG_PRESENT	VERB_FRONT_3SG_E	VERB_FRONT_DERIV_PCPS
VERB_LEIKELLÄ		keli	VERB_FRONT_DERIV_JA	VERB_FRONT_DERIV_JA_ARCHAIC	VERB_FRONT_WEAK_PRESENT	VERB_FRONT_STRONG_PRESENT	VERB_FRONT_3SG_E	VERB_FRONT_DERIV_PCPS
VERB_LEPÄILLÄ		ili	VERB_FRONT_DERIV_JA	VERB_FRONT_DERIV_JA_ARCHAIC	VERB_FRONT_WEAK_PRESENT	VERB_FRONT_STRONG_PRESENT	VERB_FRONT_3SG_E	VERB_FRONT_DERIV_PCPS
VERB_LEPÄILLÄ	Uarch	eli	VERB_FRONT_DERIV_JA	VERB_FRONT_DERIV_JA_ARCHAIC	VERB_FRONT_WEAK_PRESENT	VERB_FRONT_STRONG_PRESENT	VERB_FRONT_3SG_E	VERB_FRONT_DERIV_PCPS
VERB_LEVÄTÄ		pää	VERB_FRONT_DERIV_JA	VERB_FRONT_DERIV_JA_ARCHAIC	VERB_FRONT_WEAK_PRESENT	VERB_FRONT_STRONG_PRESENT	VERB_FRONT_DERIV_PCPS
VERB_LÄMMETÄ		peni	VERB_FRONT_DERIV_JA	VERB_FRONT_DERIV_JA_ARCHAIC	VERB_FRONT_WEAK_PRESENT	VERB_FRONT_STRONG_PRESENT	VERB_FRONT_3SG_E	VERB_FRONT_DERIV_PCPS
VERB_LÄMMITÄ		piä	VERB_FRONT_DERIV_JA	VERB_FRONT_DERIV_JA_ARCHAIC	VERB_FRONT_WEAK_PRESENT	VERB_FRONT_STRONG_PRESENT	VERB_FRONT_3SG_Ä	VERB_FRONT_CONDITIONAL	VERB_FRONT_DERIV_PCPS
VERB_LÄNTÄTÄ		tää	VERB_FRONT_DERIV_JA	VERB_FRONT_DERIV_JA_ARCHAIC	VERB_FRONT_WEAK_PRESENT	VERB_FRONT_STRONG_PRESENT	VERB_FRONT_DERIV_PCPS
VERB_MENNÄ		ni	VERB_FRONT_DERIV_JA	VERB_FRONT_DERIV_JA_ARCHAIC	VERB_FRONT_WEAK_PRESENT	VERB_FRONT_STRONG_PRESENT	VERB_FRONT_3SG_E	VERB_FRONT_DERIV_PCPS
VERB_MERKITÄ		tsi	VERB_FRONT_DERIV_JA	VERB_FRONT_DERIV_JA_ARCHAIC	VERB_FRONT_WEAK_PRESENT	VERB_FRONT_STRONG_PRESENT	VERB_FRONT_3SG_E	VERB_FRONT_DERIV_PCPS
VERB_MYYDÄ		y	VERB_FRONT_DERIV_JA	VERB_FRONT_DERIV_JA_ARCHAIC	VERB_FRONT_WEAK_PRESENT	VERB_FRONT_STRONG_PRESENT	VERB_FRONT_IMPERATIVE	VERB_FRONT_POTENTIAL_N	VERB_FRONT_PASSIVE_D	VERB_FRONT_PASSIVE	VERB_FRONT_TUPCP_D	VERB_FRONT_DERIV_PCPS	VERB_FRONT_OPTATIVE_0_ARCHAIC
VERB_MÄDÄTÄ		täni	VERB_FRONT_DERIV_JA	VERB_FRONT_DERIV_JA_ARCHAIC	VERB_FRONT_WEAK_PRESENT	VERB_FRONT_STRONG_PRESENT	VERB_FRONT_3SG_E	VERB_FRONT_DERIV_PCPS
VERB_PIDETÄ		teni	VERB_FRONT_DERIV_JA	VERB_FRONT_DERIV_JA_ARCHAIC	VERB_FRONT_WEAK_PRESENT	VERB_FRONT_STRONG_PRESENT	VERB_FRONT_3SG_E	VERB_FRONT_DERIV_PCPS
VERB_PIERRÄ		i	VERB_FRONT_DERIV_JA	VERB_FRONT_DERIV_JA_ARCHAIC	VERB_FRONT_WEAK_PRESENT	VERB_FRONT_STRONG_PRESENT	VERB_FRONT_3SG_E	VERB_FRONT_DERIV_PCPS
VERB_PIESTÄ		ksi	VERB_FRONT_DERIV_JA	VERB_FRONT_DERIV_JA_ARCHAIC	VERB_FRONT_WEAK_PRESENT	VERB_FRONT_STRONG_PRESENT	VERB_FRONT_3SG_E	VERB_FRONT_DERIV_PCPS
VERB_REVETÄ		peä	VERB_FRONT_DERIV_JA	VERB_FRONT_DERIV_JA_ARCHAIC	VERB_FRONT_WEAK_PRESENT	VERB_FRONT_STRONG_PRESENT	VERB_FRONT_3SG_Ä	VERB_FRONT_CONDITIONAL	VERB_FRONT_DERIV_PCPS
VERB_RYNNÄTÄ		tää	VERB_FRONT_DERIV_JA	VERB_FRONT_DERIV_JA_ARCHAIC	VERB_FRONT_WEAK_PRESENT	VERB_FRONT_STRONG_PRESENT	VERB_FRONT_DERIV_PCPS
VERB_RYSKIÄ		i	VERB_FRONT_DERIV_JA	VERB_FRONT_DERIV_JA_ARCHAIC	VERB_FRONT_AINF	VERB_FRONT_EINF	VERB_FRONT_WEAK_PRESENT	VERB_FRONT_STRONG_PRESENT	VERB_FRONT_3SG_I	VERB_FRONT_IMPERATIVE	VERB_FRONT_POTENTIAL_N	VERB_FRONT_PASSIVE_T	VERB_FRONT_DERIV_PCPS	VERB_FRONT_OPTATIVE_0_ARCHAIC
VERB_SELVITÄ		ä	VERB_FRONT_DERIV_JA	VERB_FRONT_DERIV_JA_ARCHAIC	VERB_FRONT_WEAK_PRESENT	VERB_FRONT_STRONG_PRESENT	VERB_FRONT_3SG_Ä	VERB_FRONT_CONDITIONAL	VERB_FRONT_DERIV_PCPS
VERB_SYÖDÄ		yö	VERB_FRONT_DERIV_JA	VERB_FRONT_DERIV_JA_ARCHAIC	VERB_FRONT_WEAK_PRESENT	VERB_FRONT_STRONG_PRESENT	VERB_FRONT_IMPERATIVE	VERB_FRONT_POTENTIAL_N	VERB_FRONT_PASSIVE_D	VERB_FRONT_PASSIVE	VERB_FRONT_TUPCP_D	VERB_FRONT_DERIV_PCPS	VERB_FRONT_OPTATIVE_0_ARCHAIC
VERB_SÄILÖÄ			VERB_FRONT_DERIV_JA	VERB_FRONT_DERIV_JA_ARCHAIC	VERB_FRONT_AINF	VERB_FRONT_EINF	VERB_FRONT_WEAK_PRESENT	VERB_FRONT_STRONG_PRESENT	VERB_FRONT_3SG_Ö	VERB_FRONT_WEAK_PAST	VERB_FRONT_STRONG_PAST	VERB_FRONT_CONDITIONAL	VERB_FRONT_IMPERATIVE	VERB_FRONT_POTENTIAL_N	VERB_FRONT_PASSIVE_T	VERB_FRONT_DERIV_PCPS
VERB_SÄPSÄHDELLÄ		teli	VERB_FRONT_DERIV_JA	VERB_FRONT_DERIV_JA_ARCHAIC	VERB_FRONT_WEAK_PRESENT	VERB_FRONT_STRONG_PRESENT	VERB_FRONT_3SG_E	VERB_FRONT_DERIV_PCPS
VERB_TYLPETÄ		peni	VERB_FRONT_DERIV_JA	VERB_FRONT_DERIV_JA_ARCHAIC	VERB_FRONT_WEAK_PRESENT	VERB_FRONT_STRONG_PRESENT	VERB_FRONT_3SG_E	VERB_FRONT_DERIV_PCPS
VERB_TÄHDÄTÄ		tää	VERB_FRONT_DERIV_JA	VERB_FRONT_DERIV_JA_ARCHAIC	VERB_FRONT_WEAK_PRESENT	VERB_FRONT_STRONG_PRESENT	VERB_FRONT_DERIV_PCPS
VERB_TÄHYTÄ		ä	VERB_FRONT_DERIV_JA	VERB_FRONT_DERIV_JA_ARCHAIC	VERB_FRONT_WEAK_PRESENT	VERB_FRONT_STRONG_PRESENT	VERB_FRONT_3SG_Ä	VERB_FRONT_CONDITIONAL	VERB_FRONT_DERIV_PCPS
VERB_VIEDÄ		ii	VERB_FRONT_DERIV_JA	VERB_FRONT_DERIV_JA_ARCHAIC	VERB_FRONT_WEAK_PRESENT	VERB_FRONT_STRONG_PRESENT	VERB_FRONT_IMPERATIVE	VERB_FRONT_POTENTIAL_N	VERB_FRONT_PASSIVE_D	VERB_FRONT_PASSIVE	VERB_FRONT_TUPCP_D	VERB_FRONT_DERIV_PCPS	VERB_FRONT_OPTATIVE_0_ARCHAIC
VERB_VYYHDETÄ		teä	VERB_FRONT_DERIV_JA	VERB_FRONT_DERIV_JA_ARCHAIC	VERB_FRONT_WEAK_PRESENT	VERB_FRONT_STRONG_PRESENT	VERB_FRONT_3SG_Ä	VERB_FRONT_CONDITIONAL	VERB_FRONT_DERIV_PCPS
VERB_VÄHETÄ		ni	VERB_FRONT_DERIV_JA	VERB_FRONT_DERIV_JA_ARCHAIC	VERB_FRONT_WEAK_PRESENT	VERB_FRONT_STRONG_PRESENT	VERB_FRONT_3SG_E	VERB_FRONT_DERIV_PCPS
VERB_VÄLPÄTÄ		pää	VERB_FRONT_DERIV_JA	VERB_FRONT_DERIV_JA_ARCHAIC	VERB_FRONT_WEAK_PRESENT	VERB_FRONT_STRONG_PRESENT	VERB_FRONT_DERIV_PCPS
VERB_VÄNGÄTÄ		kää	VERB_FRONT_DERIV_JA	VERB_FRONT_DERIV_JA_ARCHAIC	VERB_FRONT_WEAK_PRESENT	VERB_FRONT_STRONG_PRESENT	VERB_FRONT_DERIV_PCPS
VERB_YNNÄTÄ		ä	VERB_FRONT_DERIV_JA	VERB_FRONT_DERIV_JA_ARCHAIC	VERB_FRONT_WEAK_PRESENT	VERB_FRONT_STRONG_PRESENT	VERB_FRONT_DERIV_PCPS
VERB_YÖKÄTÄ		kää	VERB_FRONT_DERIV_JA	VERB_FRONT_DERIV_JA_ARCHAIC	VERB_FRONT_WEAK_PRESENT	VERB_FRONT_STRONG_PRESENT	VERB_FRONT_DERIV_PCPS
VERB_ÄKSYILLÄ		i	VERB_FRONT_DERIV_JA	VERB_FRONT_DERIV_JA_ARCHAIC	VERB_FRONT_WEAK_PRESENT	VERB_FRONT_STRONG_PRESENT	VERB_FRONT_3SG_E	VERB_FRONT_DERIV_PCPS
VERB_ÄLLISTYÄ			VERB_FRONT_DERIV_JA	VERB_FRONT_DERIV_JA_ARCHAIC	VERB_FRONT_AINF	VERB_FRONT_EINF	VERB_FRONT_WEAK_PRESENT	VERB_FRONT_STRONG_PRESENT	VERB_FRONT_3SG_Y	VERB_FRONT_WEAK_PAST	VERB_FRONT_STRONG_PAST	VERB_FRONT_CONDITIONAL	VERB_FRONT_IMPERATIVE	VERB_FRONT_POTENTIAL_N	VERB_FRONT_PASSIVE_T	VERB_FRONT_DERIV_PCPS	VERB_FRONT_OPTATIVE_0_ARCHAIC
VERB_ÄNGETÄ		keä	VERB_FRONT_DERIV_JA	VERB_FRONT_DERIV_JA_ARCHAIC	VERB_FRONT_WEAK_PRESENT	VERB_FRONT_STRONG_PRESENT	VERB_FRONT_3SG_Ä	VERB_FRONT_CONDITIONAL	VERB_FRONT_DERIV_PCPS
VERB_ÄRISTÄ		i	VERB_FRONT_DERIV_JA	VERB_FRONT_DERIV_JA_ARCHAIC	VERB_FRONT_WEAK_PRESENT	VERB_FRONT_STRONG_PRESENT	VERB_FRONT_3SG_E	VERB_FRONT_DERIV_PCPS
VERB_ÖYKKÄRÖIDÄ		i	VERB_FRONT_DERIV_JA	VERB_FRONT_DERIV_JA_ARCHAIC	VERB_FRONT_WEAK_PRESENT	VERB_FRONT_STRONG_PRESENT	VERB_FRONT_IMPERATIVE	VERB_FRONT_POTENTIAL_N	VERB_FRONT_PASSIVE_D	VERB_FRONT_PASSIVE	VERB_FRONT_TUPCP_D	VERB_FRONT_DERIV_PCPS	VERB_FRONT_OPTATIVE_0_ARCHAIC
#V_MYRSKYTÄ		ä	VERB_FRONT_DERIV_JA	VERB_FRONT_DERIV_JA_ARCHAIC	VERB_FRONT_WEAK_PRESENT	VERB_FRONT_STRONG_PRESENT	VERB_FRONT_3SG_Ä	VERB_FRONT_CONDITIONAL	VERB_FRONT_DERIV_PCPS
VERB_ROHTUA		tu	VERB_BACK_DERIV_JA	VERB_BACK_DERIV_JA_ARCHAIC	VERB_BACK_AINF	VERB_BACK_EINF	VERB_BACK_STRONG_PRESENT	VERB_BACK_3SG_U	VERB_BACK_STRONG_PAST	VERB_BACK_CONDITIONAL	VERB_BACK_IMPERATIVE	VERB_BACK_POTENTIAL_N	VERB_BACK_DERIV_PCPS	VERB_BACK_OPTATIVE_0_ARCHAIC
VERB_SAARTAA		ta	VERB_BACK_DERIV_JA	VERB_BACK_DERIV_JA_ARCHAIC	VERB_BACK_AINF	VERB_BACK_EINF	VERB_BACK_STRONG_PRESENT	VERB_BACK_3SG_A	VERB_BACK_CONDITIONAL	VERB_BACK_IMPERATIVE	VERB_BACK_POTENTIAL_N	VERB_BACK_DERIV_PCPS	VERB_BACK_OPTATIVE_0_ARCHAIC
VERB_SATAA		ta	VERB_BACK_DERIV_JA	VERB_BACK_DERIV_JA_ARCHAIC	VERB_BACK_AINF	VERB_BACK_EINF	VERB_BACK_STRONG_PRESENT	VERB_BACK_3SG_A	VERB_BACK_CONDITIONAL	VERB_BACK_IMPERATIVE	VERB_BACK_POTENTIAL_N	VERB_BACK_DERIV_PCPS	VERB_BACK_OPTATIVE_0_ARCHAIC
VERB_SILPOA		po	VERB_BACK_DERIV_JA	VERB_BACK_DERIV_JA_ARCHAIC	VERB_BACK_AINF	VERB_BACK_EINF	VERB_BACK_STRONG_PRESENT	VERB_BACK_3SG_O	VERB_BACK_STRONG_PAST	VERB_BACK_CONDITIONAL	VERB_BACK_IMPERATIVE	VERB_BACK_POTENTIAL_N	VERB_BACK_DERIV_PCPS
VERB_SIVALTAA		ta	VERB_BACK_DERIV_JA	VERB_BACK_DERIV_JA_ARCHAIC	VERB_BACK_AINF	VERB_BACK_EINF	VERB_BACK_STRONG_PRESENT	VERB_BACK_3SG_A	VERB_BACK_CONDITIONAL	VERB_BACK_IMPERATIVE	VERB_BACK_POTENTIAL_N	VERB_BACK_DERIV_PCPS	VERB_BACK_OPTATIVE_0_ARCHAIC
VERB_SORTAA		ta	VERB_BACK_DERIV_JA	VERB_BACK_DERIV_JA_ARCHAIC	VERB_BACK_AINF	VERB_BACK_EINF	VERB_BACK_STRONG_PRESENT	VERB_BACK_3SG_A	VERB_BACK_CONDITIONAL	VERB_BACK_IMPERATIVE	VERB_BACK_POTENTIAL_N	VERB_BACK_DERIV_PCPS	VERB_BACK_OPTATIVE_0_ARCHAIC
VERB_SOTKEA		e	VERB_BACK_DERIV_JA	VERB_BACK_DERIV_JA_ARCHAIC	VERB_BACK_AINF	VERB_BACK_WEAK_PRESENT	VERB_BACK_STRONG_PRESENT	VERB_BACK_3SG_E	VERB_BACK_IMPERATIVE	VERB_BACK_POTENTIAL_N	VERB_BACK_PASSIVE_T	VERB_BACK_DERIV_PCPS	VERB_BACK_OPTATIVE_0_ARCHAIC
VERB_TAITAA		ta	VERB_BACK_DERIV_JA	VERB_BACK_DERIV_JA_ARCHAIC	VERB_BACK_AINF	VERB_BACK_EINF	VERB_BACK_STRONG_PRESENT	VERB_BACK_3SG_A	VERB_BACK_CONDITIONAL	VERB_BACK_IMPERATIVE	VERB_BACK_IMPERATIVE	VERB_BACK_POTENTIAL_N	VERB_BACK_DERIV_PCPS	VERB_BACK_OPTATIVE_0_ARCHAIC
VERB_TAKOA		ko	VERB_BACK_DERIV_JA	VERB_BACK_DERIV_JA_ARCHAIC	VERB_BACK_AINF	VERB_BACK_EINF	VERB_BACK_STRONG_PRESENT	VERB_BACK_3SG_O	VERB_BACK_STRONG_PAST	VERB_BACK_CONDITIONAL	VERB_BACK_IMPERATIVE	VERB_BACK_POTENTIAL_N	VERB_BACK_DERIV_PCPS
VERB_TAPPAA		pa	VERB_BACK_DERIV_JA	VERB_BACK_DERIV_JA_ARCHAIC	VERB_BACK_AINF	VERB_BACK_EINF	VERB_BACK_STRONG_PRESENT	VERB_BACK_3SG_A	VERB_BACK_CONDITIONAL	VERB_BACK_IMPERATIVE	VERB_BACK_POTENTIAL_N	VERB_BACK_DERIV_PCPS	VERB_BACK_OPTATIVE_0_ARCHAIC
VERB_TEMPOA		po	VERB_BACK_DERIV_JA	VERB_BACK_DERIV_JA_ARCHAIC	VERB_BACK_AINF	VERB_BACK_EINF	VERB_BACK_STRONG_PRESENT	VERB_BACK_3SG_O	VERB_BACK_STRONG_PAST	VERB_BACK_CONDITIONAL	VERB_BACK_IMPERATIVE	VERB_BACK_POTENTIAL_N	VERB_BACK_DERIV_PCPS	VERB_BACK_OPTATIVE_0_ARCHAIC
VERB_TUNKEA		ke	VERB_BACK_DERIV_JA	VERB_BACK_DERIV_JA_ARCHAIC	VERB_BACK_AINF	VERB_BACK_STRONG_PRESENT	VERB_BACK_3SG_E	VERB_BACK_IMPERATIVE	VERB_BACK_POTENTIAL_N	VERB_BACK_DERIV_PCPS	VERB_BACK_OPTATIVE_0_ARCHAIC
VERB_TUNTEA		te	VERB_BACK_DERIV_JA	VERB_BACK_DERIV_JA_ARCHAIC	VERB_BACK_AINF	VERB_BACK_STRONG_PRESENT	VERB_BACK_3SG_E	VERB_BACK_IMPERATIVE	VERB_BACK_POTENTIAL_N	VERB_BACK_DERIV_PCPS	VERB_BACK_OPTATIVE_0_ARCHAIC
VERB_VAKAANTUA		tu	VERB_BACK_DERIV_JA	VERB_BACK_DERIV_JA_ARCHAIC	VERB_BACK_AINF	VERB_BACK_EINF	VERB_BACK_STRONG_PRESENT	VERB_BACK_3SG_U	VERB_BACK_STRONG_PAST	VERB_BACK_CONDITIONAL	VERB_BACK_IMPERATIVE	VERB_BACK_POTENTIAL_N	VERB_BACK_DERIV_PCPS	VERB_BACK_OPTATIVE_0_ARCHAIC
VERB_VARTOA		to	VERB_BACK_DERIV_JA	VERB_BACK_DERIV_JA_ARCHAIC	VERB_BACK_AINF	VERB_BACK_EINF	VERB_BACK_STRONG_PRESENT	VERB_BACK_3SG_O	VERB_BACK_STRONG_PAST	VERB_BACK_CONDITIONAL	VERB_BACK_IMPERATIVE	VERB_BACK_POTENTIAL_N	VERB_BACK_DERIV_PCPS
VERB_VIEROITTAA		ta	VERB_BACK_DERIV_JA	VERB_BACK_DERIV_JA_ARCHAIC	VERB_BACK_AINF	VERB_BACK_EINF	VERB_BACK_STRONG_PRESENT	VERB_BACK_3SG_A	VERB_BACK_CONDITIONAL	VERB_BACK_IMPERATIVE	VERB_BACK_POTENTIAL_N	VERB_BACK_DERIV_PCPS	VERB_BACK_OPTATIVE_0_ARCHAIC	VERB_BACK_EINF_I_ARCHAIC
VERB_VIITTOA		to	VERB_BACK_DERIV_JA	VERB_BACK_DERIV_JA_ARCHAIC	VERB_BACK_AINF	VERB_BACK_EINF	VERB_BACK_STRONG_PRESENT	VERB_BACK_3SG_O	VERB_BACK_STRONG_PAST	VERB_BACK_CONDITIONAL	VERB_BACK_IMPERATIVE	VERB_BACK_POTENTIAL_N
VERB_VINKUA		ku	VERB_BACK_DERIV_JA	VERB_BACK_DERIV_JA_ARCHAIC	VERB_BACK_AINF	VERB_BACK_EINF	VERB_BACK_STRONG_PRESENT	VERB_BACK_3SG_U	VERB_BACK_STRONG_PAST	VERB_BACK_CONDITIONAL	VERB_BACK_IMPERATIVE	VERB_BACK_POTENTIAL_N	VERB_BACK_DERIV_PCPS	VERB_BACK_OPTATIVE_0_ARCHAIC
VERB_VIRKKAA		ka	VERB_BACK_DERIV_JA	VERB_BACK_DERIV_JA_ARCHAIC	VERB_BACK_AINF	VERB_BACK_EINF	VERB_BACK_STRONG_PRESENT	VERB_BACK_3SG_A	VERB_BACK_CONDITIONAL	VERB_BACK_IMPERATIVE	VERB_BACK_POTENTIAL_N	VERB_BACK_DERIV_PCPS	VERB_BACK_OPTATIVE_0_ARCHAIC
VERB_KOPIOIDA		i	VERB_BACK_DERIV_JA	VERB_BACK_DERIV_JA_ARCHAIC	VERB_BACK_WEAK_PRESENT	VERB_BACK_STRONG_PRESENT	VERB_BACK_IMPERATIVE	VERB_BACK_POTENTIAL_N	VERB_BACK_PASSIVE_D	VERB_BACK_PASSIVE	VERB_BACK_TUPCP_D	VERB_BACK_DERIV_PCPS	VERB_BACK_OPTATIVE_0_ARCHAIC
VERB_MELLAKOIDA		i	VERB_BACK_DERIV_JA	VERB_BACK_DERIV_JA_ARCHAIC	VERB_BACK_WEAK_PRESENT	VERB_BACK_STRONG_PRESENT	VERB_BACK_IMPERATIVE	VERB_BACK_POTENTIAL_N	VERB_BACK_PASSIVE_D	VERB_BACK_PASSIVE	VERB_BACK_TUPCP_D	VERB_BACK_DERIV_PCPS	VERB_BACK_OPTATIVE_0_ARCHAIC
VERB_SAADA		a	VERB_BACK_DERIV_JA	VERB_BACK_DERIV_JA_ARCHAIC	VERB_BACK_WEAK_PRESENT	VERB_BACK_STRONG_PRESENT	VERB_BACK_IMPERATIVE	VERB_BACK_POTENTIAL_N	VERB_BACK_PASSIVE_D	VERB_BACK_PASSIVE	VERB_BACK_TUPCP_D	VERB_BACK_DERIV_PCPS	VERB_BACK_OPTATIVE_0_ARCHAIC
VERB_TUODA		uo	VERB_BACK_DERIV_JA	VERB_BACK_DERIV_JA_ARCHAIC	VERB_BACK_WEAK_PRESENT	VERB_BACK_STRONG_PRESENT	VERB_BACK_IMPERATIVE	VERB_BACK_POTENTIAL_N	VERB_BACK_PASSIVE_D	VERB_BACK_PASSIVE	VERB_BACK_TUPCP_D	VERB_BACK_DERIV_PCPS
VERB_EHTIÄ		ti	VERB_FRONT_DERIV_JA	VERB_FRONT_DERIV_JA_ARCHAIC	VERB_FRONT_AINF	VERB_FRONT_EINF	VERB_FRONT_STRONG_PRESENT	VERB_FRONT_3SG_I	VERB_FRONT_IMPERATIVE	VERB_FRONT_POTENTIAL_N	VERB_FRONT_DERIV_PCPS	VERB_FRONT_OPTATIVE_0_ARCHAIC
VERB_ENTÄÄ		tä	VERB_FRONT_DERIV_JA	VERB_FRONT_DERIV_JA_ARCHAIC	VERB_FRONT_AINF	VERB_FRONT_EINF	VERB_FRONT_STRONG_PRESENT	VERB_FRONT_3SG_Ä	VERB_FRONT_CONDITIONAL	VERB_FRONT_IMPERATIVE	VERB_FRONT_POTENTIAL_N	VERB_FRONT_DERIV_PCPS	VERB_FRONT_OPTATIVE_0_ARCHAIC
VERB_HIVENTÄÄ		tä	VERB_FRONT_DERIV_JA	VERB_FRONT_DERIV_JA_ARCHAIC	VERB_FRONT_AINF	VERB_FRONT_EINF	VERB_FRONT_STRONG_PRESENT	VERB_FRONT_3SG_Ä	VERB_FRONT_CONDITIONAL	VERB_FRONT_IMPERATIVE	VERB_FRONT_POTENTIAL_N	VERB_FRONT_DERIV_PCPS	VERB_FRONT_OPTATIVE_0_ARCHAIC
VERB_HYLKIÄ		ki	VERB_FRONT_DERIV_JA	VERB_FRONT_DERIV_JA_ARCHAIC	VERB_FRONT_AINF	VERB_FRONT_EINF	VERB_FRONT_STRONG_PRESENT	VERB_FRONT_3SG_I	VERB_FRONT_IMPERATIVE	VERB_FRONT_POTENTIAL_N	VERB_FRONT_DERIV_PCPS	VERB_FRONT_OPTATIVE_0_ARCHAIC
VERB_HYPPIÄ		pi	VERB_FRONT_DERIV_JA	VERB_FRONT_DERIV_JA_ARCHAIC	VERB_FRONT_AINF	VERB_FRONT_EINF	VERB_FRONT_STRONG_PRESENT	VERB_FRONT_3SG_I	VERB_FRONT_IMPERATIVE	VERB_FRONT_POTENTIAL_N	VERB_FRONT_DERIV_PCPS	VERB_FRONT_OPTATIVE_0_ARCHAIC
VERB_KIERTYÄ		ty	VERB_FRONT_DERIV_JA	VERB_FRONT_DERIV_JA_ARCHAIC	VERB_FRONT_AINF	VERB_FRONT_EINF	VERB_FRONT_STRONG_PRESENT	VERB_FRONT_3SG_Y	VERB_FRONT_STRONG_PAST	VERB_FRONT_CONDITIONAL	VERB_FRONT_IMPERATIVE	VERB_FRONT_POTENTIAL_N	VERB_FRONT_DERIV_PCPS	VERB_FRONT_OPTATIVE_0_ARCHAIC
VERB_KIITÄÄ		tä	VERB_FRONT_DERIV_JA	VERB_FRONT_DERIV_JA_ARCHAIC	VERB_FRONT_AINF	VERB_FRONT_EINF	VERB_FRONT_STRONG_PRESENT	VERB_FRONT_3SG_Ä	VERB_FRONT_CONDITIONAL	VERB_FRONT_IMPERATIVE	VERB_FRONT_POTENTIAL_N	VERB_FRONT_DERIV_PCPS	VERB_FRONT_OPTATIVE_0_ARCHAIC
VERB_KIVETTYÄ		ty	VERB_FRONT_DERIV_JA	VERB_FRONT_DERIV_JA_ARCHAIC	VERB_FRONT_AINF	VERB_FRONT_EINF	VERB_FRONT_STRONG_PRESENT	VERB_FRONT_3SG_Y	VERB_FRONT_STRONG_PAST	VERB_FRONT_CONDITIONAL	VERB_FRONT_IMPERATIVE	VERB_FRONT_POTENTIAL_N	VERB_FRONT_DERIV_PCPS	VERB_FRONT_OPTATIVE_0_ARCHAIC
VERB_KIVISTÄÄ		ä	VERB_FRONT_DERIV_JA	VERB_FRONT_DERIV_JA_ARCHAIC	VERB_FRONT_AINF	VERB_FRONT_EINF	VERB_FRONT_WEAK_PRESENT	VERB_FRONT_STRONG_PRESENT	VERB_FRONT_3SG_Ä	VERB_FRONT_CONDITIONAL	VERB_FRONT_IMPERATIVE	VERB_FRONT_POTENTIAL_N	VERB_FRONT_DERIV_PCPS	VERB_FRONT_OPTATIVE_0_ARCHAIC	VERB_FRONT_EINF_I_ARCHAIC
VERB_KYNTÄÄ		tä	VERB_FRONT_DERIV_JA	VERB_FRONT_DERIV_JA_ARCHAIC	VERB_FRONT_AINF	VERB_FRONT_EINF	VERB_FRONT_STRONG_PRESENT	VERB_FRONT_3SG_Ä	VERB_FRONT_CONDITIONAL	VERB_FRONT_IMPERATIVE	VERB_FRONT_POTENTIAL_N	VERB_FRONT_DERIV_PCPS	VERB_FRONT_OPTATIVE_0_ARCHAIC
VERB_KYTKEÄ		e	VERB_FRONT_DERIV_JA	VERB_FRONT_DERIV_JA_ARCHAIC	VERB_FRONT_AINF	VERB_FRONT_WEAK_PRESENT	VERB_FRONT_STRONG_PRESENT	VERB_FRONT_3SG_E	VERB_FRONT_IMPERATIVE	VERB_FRONT_POTENTIAL_N	VERB_FRONT_PASSIVE_T	VERB_FRONT_DERIV_PCPS	VERB_FRONT_OPTATIVE_0_ARCHAIC
VERB_KÄRKKYÄ		ky	VERB_FRONT_DERIV_JA	VERB_FRONT_DERIV_JA_ARCHAIC	VERB_FRONT_AINF	VERB_FRONT_EINF	VERB_FRONT_STRONG_PRESENT	VERB_FRONT_3SG_Y	VERB_FRONT_STRONG_PAST	VERB_FRONT_CONDITIONAL	VERB_FRONT_IMPERATIVE	VERB_FRONT_POTENTIAL_N	VERB_FRONT_DERIV_PCPS	VERB_FRONT_OPTATIVE_0_ARCHAIC
VERB_LEPPYÄ		py	VERB_FRONT_DERIV_JA	VERB_FRONT_DERIV_JA_ARCHAIC	VERB_FRONT_AINF	VERB_FRONT_EINF	VERB_FRONT_STRONG_PRESENT	VERB_FRONT_3SG_Y	VERB_FRONT_STRONG_PAST	VERB_FRONT_CONDITIONAL	VERB_FRONT_IMPERATIVE	VERB_FRONT_POTENTIAL_N	VERB_FRONT_DERIV_PCPS	VERB_FRONT_OPTATIVE_0_ARCHAIC
VERB_LÄHTEÄ		hte	VERB_FRONT_DERIV_JA	VERB_FRONT_DERIV_JA_ARCHAIC	VERB_FRONT_AINF	VERB_FRONT_STRONG_PRESENT	VERB_FRONT_3SG_E	VERB_FRONT_IMPERATIVE	VERB_FRONT_POTENTIAL_N	VERB_FRONT_DERIV_PCPS	VERB_FRONT_OPTATIVE_0_ARCHAIC
VERB_MIELTYÄ		ty	VERB_FRONT_DERIV_JA	VERB_FRONT_DERIV_JA_ARCHAIC	VERB_FRONT_AINF	VERB_FRONT_EINF	VERB_FRONT_STRONG_PRESENT	VERB_FRONT_3SG_Y	VERB_FRONT_STRONG_PAST	VERB_FRONT_CONDITIONAL	VERB_FRONT_IMPERATIVE	VERB_FRONT_POTENTIAL_N	VERB_FRONT_DERIV_PCPS	VERB_FRONT_OPTATIVE_0_ARCHAIC
VERB_MIETTIÄ		ti	VERB_FRONT_DERIV_JA	VERB_FRONT_DERIV_JA_ARCHAIC	VERB_FRONT_AINF	VERB_FRONT_EINF	VERB_FRONT_STRONG_PRESENT	VERB_FRONT_3SG_I	VERB_FRONT_IMPERATIVE	VERB_FRONT_POTENTIAL_N	VERB_FRONT_DERIV_PCPS	VERB_FRONT_OPTATIVE_0_ARCHAIC
VERB_MÄIKYÄ		ky	VERB_FRONT_DERIV_JA	VERB_FRONT_DERIV_JA_ARCHAIC	VERB_FRONT_AINF	VERB_FRONT_EINF	VERB_FRONT_STRONG_PRESENT	VERB_FRONT_3SG_Y	VERB_FRONT_STRONG_PAST	VERB_FRONT_CONDITIONAL	VERB_FRONT_IMPERATIVE	VERB_FRONT_POTENTIAL_N	VERB_FRONT_DERIV_PCPS
VERB_MÖNKIÄ		ki	VERB_FRONT_DERIV_JA	VERB_FRONT_DERIV_JA_ARCHAIC	VERB_FRONT_AINF	VERB_FRONT_EINF	VERB_FRONT_STRONG_PRESENT	VERB_FRONT_3SG_I	VERB_FRONT_IMPERATIVE	VERB_FRONT_POTENTIAL_N	VERB_FRONT_DERIV_PCPS	VERB_FRONT_OPTATIVE_0_ARCHAIC
VERB_NÄPERTÄÄ		tä	VERB_FRONT_DERIV_JA	VERB_FRONT_DERIV_JA_ARCHAIC	VERB_FRONT_AINF	VERB_FRONT_EINF	VERB_FRONT_STRONG_PRESENT	VERB_FRONT_3SG_Ä	VERB_FRONT_CONDITIONAL	VERB_FRONT_IMPERATIVE	VERB_FRONT_POTENTIAL_N	VERB_FRONT_DERIV_PCPS	VERB_FRONT_DERIV_PCPS	VERB_FRONT_OPTATIVE_0_ARCHAIC
VERB_PYYTÄÄ		tä	VERB_FRONT_DERIV_JA	VERB_FRONT_DERIV_JA_ARCHAIC	VERB_FRONT_AINF	VERB_FRONT_EINF	VERB_FRONT_STRONG_PRESENT	VERB_FRONT_3SG_Ä	VERB_FRONT_CONDITIONAL	VERB_FRONT_IMPERATIVE	VERB_FRONT_POTENTIAL_N	VERB_FRONT_DERIV_PCPS	VERB_FRONT_OPTATIVE_0_ARCHAIC
VERB_PÄTEÄ		te	VERB_FRONT_DERIV_JA	VERB_FRONT_DERIV_JA_ARCHAIC	VERB_FRONT_AINF	VERB_FRONT_STRONG_PRESENT	VERB_FRONT_3SG_E	VERB_FRONT_IMPERATIVE	VERB_FRONT_POTENTIAL_N	VERB_FRONT_DERIV_PCPS	VERB_FRONT_OPTATIVE_0_ARCHAIC
VERB_RIIPIÄ		pi	VERB_FRONT_DERIV_JA	VERB_FRONT_DERIV_JA_ARCHAIC	VERB_FRONT_AINF	VERB_FRONT_EINF	VERB_FRONT_STRONG_PRESENT	VERB_FRONT_3SG_I	VERB_FRONT_IMPERATIVE	VERB_FRONT_POTENTIAL_N	VERB_FRONT_DERIV_PCPS	VERB_FRONT_OPTATIVE_0_ARCHAIC
VERB_RYPEÄ		pe	VERB_FRONT_DERIV_JA	VERB_FRONT_DERIV_JA_ARCHAIC	VERB_FRONT_AINF	VERB_FRONT_STRONG_PRESENT	VERB_FRONT_3SG_E	VERB_FRONT_IMPERATIVE	VERB_FRONT_POTENTIAL_N	VERB_FRONT_DERIV_PCPS	VERB_FRONT_OPTATIVE_0_ARCHAIC
VERB_RYSKIÄ		i	VERB_FRONT_DERIV_JA	VERB_FRONT_DERIV_JA_ARCHAIC	VERB_FRONT_AINF	VERB_FRONT_EINF	VERB_FRONT_WEAK_PRESENT	VERB_FRONT_STRONG_PRESENT	VERB_FRONT_3SG_I	VERB_FRONT_IMPERATIVE	VERB_FRONT_POTENTIAL_N	VERB_FRONT_PASSIVE_T	VERB_FRONT_DERIV_PCPS	VERB_FRONT_OPTATIVE_0_ARCHAIC
VERB_RÄPSYTTÄÄ		tä	VERB_FRONT_DERIV_JA	VERB_FRONT_DERIV_JA_ARCHAIC	VERB_FRONT_AINF	VERB_FRONT_EINF	VERB_FRONT_STRONG_PRESENT	VERB_FRONT_3SG_Ä	VERB_FRONT_CONDITIONAL	VERB_FRONT_IMPERATIVE	VERB_FRONT_POTENTIAL_N	VERB_FRONT_DERIV_PCPS	VERB_FRONT_OPTATIVE_0_ARCHAIC
VERB_SILIYTYÄ		ty	VERB_FRONT_DERIV_JA	VERB_FRONT_DERIV_JA_ARCHAIC	VERB_FRONT_AINF	VERB_FRONT_EINF	VERB_FRONT_STRONG_PRESENT	VERB_FRONT_3SG_Y	VERB_FRONT_STRONG_PAST	VERB_FRONT_CONDITIONAL	VERB_FRONT_IMPERATIVE	VERB_FRONT_POTENTIAL_N	VERB_FRONT_DERIV_PCPS	VERB_FRONT_OPTATIVE_0_ARCHAIC
VERB_SYÖPYÄ		py	VERB_FRONT_DERIV_JA	VERB_FRONT_DERIV_JA_ARCHAIC	VERB_FRONT_AINF	VERB_FRONT_EINF	VERB_FRONT_STRONG_PRESENT	VERB_FRONT_3SG_Y	VERB_FRONT_STRONG_PAST	VERB_FRONT_CONDITIONAL	VERB_FRONT_IMPERATIVE	VERB_FRONT_POTENTIAL_N	VERB_FRONT_DERIV_PCPS	VERB_FRONT_OPTATIVE_0_ARCHAIC
VERB_SÄRKEÄ		ke	VERB_FRONT_DERIV_JA	VERB_FRONT_DERIV_JA_ARCHAIC	VERB_FRONT_AINF	VERB_FRONT_STRONG_PRESENT	VERB_FRONT_3SG_E	VERB_FRONT_IMPERATIVE	VERB_FRONT_POTENTIAL_N	VERB_FRONT_DERIV_PCPS	VERB_FRONT_OPTATIVE_0_ARCHAIC
VERB_SÖRKKIÄ		ki	VERB_FRONT_DERIV_JA	VERB_FRONT_DERIV_JA_ARCHAIC	VERB_FRONT_AINF	VERB_FRONT_EINF	VERB_FRONT_STRONG_PRESENT	VERB_FRONT_3SG_I	VERB_FRONT_IMPERATIVE	VERB_FRONT_POTENTIAL_N	VERB_FRONT_DERIV_PCPS	VERB_FRONT_OPTATIVE_0_ARCHAIC
VERB_TIETÄÄ		tä	VERB_FRONT_DERIV_JA	VERB_FRONT_DERIV_JA_ARCHAIC	VERB_FRONT_AINF	VERB_FRONT_EINF	VERB_FRONT_STRONG_PRESENT	VERB_FRONT_3SG_Ä	VERB_FRONT_CONDITIONAL	VERB_FRONT_IMPERATIVE	VERB_FRONT_POTENTIAL_N	VERB_FRONT_DERIV_PCPS	VERB_FRONT_OPTATIVE_0_ARCHAIC
VERB_TYHJENTYÄ		ty	VERB_FRONT_DERIV_JA	VERB_FRONT_DERIV_JA_ARCHAIC	VERB_FRONT_AINF	VERB_FRONT_EINF	VERB_FRONT_STRONG_PRESENT	VERB_FRONT_3SG_Y	VERB_FRONT_STRONG_PAST	VERB_FRONT_CONDITIONAL	VERB_FRONT_IMPERATIVE	VERB_FRONT_POTENTIAL_N	VERB_FRONT_DERIV_PCPS	VERB_FRONT_OPTATIVE_0_ARCHAIC
VERB_TYMPIÄ		pi	VERB_FRONT_DERIV_JA	VERB_FRONT_DERIV_JA_ARCHAIC	VERB_FRONT_AINF	VERB_FRONT_EINF	VERB_FRONT_STRONG_PRESENT	VERB_FRONT_3SG_I	VERB_FRONT_IMPERATIVE	VERB_FRONT_POTENTIAL_N	VERB_FRONT_DERIV_PCPS	VERB_FRONT_OPTATIVE_0_ARCHAIC
VERB_VIHELTÄÄ		tä	VERB_FRONT_DERIV_JA	VERB_FRONT_DERIV_JA_ARCHAIC	VERB_FRONT_AINF	VERB_FRONT_EINF	VERB_FRONT_STRONG_PRESENT	VERB_FRONT_3SG_Ä	VERB_FRONT_CONDITIONAL	VERB_FRONT_IMPERATIVE	VERB_FRONT_POTENTIAL_N	VERB_FRONT_DERIV_PCPS	VERB_FRONT_OPTATIVE_0_ARCHAIC
VERB_YLTÄÄ		tä	VERB_FRONT_DERIV_JA	VERB_FRONT_DERIV_JA_ARCHAIC	VERB_FRONT_AINF	VERB_FRONT_EINF	VERB_FRONT_STRONG_PRESENT	VERB_FRONT_3SG_Ä	VERB_FRONT_CONDITIONAL	VERB_FRONT_IMPERATIVE	VERB_FRONT_POTENTIAL_N	VERB_FRONT_DERIV_PCPS	VERB_FRONT_OPTATIVE_0_ARCHAIC
VERB_YSKÄHTÄÄ		tä	VERB_FRONT_DERIV_JA	VERB_FRONT_DERIV_JA_ARCHAIC	VERB_FRONT_AINF	VERB_FRONT_EINF	VERB_FRONT_STRONG_PRESENT	VERB_FRONT_3SG_Ä	VERB_FRONT_CONDITIONAL	VERB_FRONT_IMPERATIVE	VERB_FRONT_POTENTIAL_N	VERB_FRONT_DERIV_PCPS	VERB_FRONT_OPTATIVE_0_ARCHAIC
VERB_ISÄNNÖIDÄ		i	VERB_FRONT_DERIV_JA	VERB_FRONT_DERIV_JA_ARCHAIC	VERB_FRONT_WEAK_PRESENT	VERB_FRONT_STRONG_PRESENT	VERB_FRONT_IMPERATIVE	VERB_FRONT_POTENTIAL_N	VERB_FRONT_PASSIVE_D	VERB_FRONT_PASSIVE	VERB_FRONT_TUPCP_D	VERB_FRONT_DERIV_PCPS	VERB_FRONT_OPTATIVE_0_ARCHAIC
VERB_JÄÄDÄ		ä	VERB_FRONT_DERIV_JA	VERB_FRONT_DERIV_JA_ARCHAIC	VERB_FRONT_WEAK_PRESENT	VERB_FRONT_STRONG_PRESENT	VERB_FRONT_IMPERATIVE	VERB_FRONT_POTENTIAL_N	VERB_FRONT_PASSIVE_D	VERB_FRONT_PASSIVE	VERB_FRONT_TUPCP_D	VERB_FRONT_DERIV_PCPS	VERB_FRONT_OPTATIVE_0_ARCHAIC
VERB_KÄYDÄ		y	VERB_FRONT_DERIV_JA	VERB_FRONT_DERIV_JA_ARCHAIC	VERB_FRONT_WEAK_PRESENT	VERB_FRONT_STRONG_PRESENT	VERB_FRONT_IMPERATIVE	VERB_FRONT_POTENTIAL_N	VERB_FRONT_PASSIVE_D	VERB_FRONT_PASSIVE	VERB_FRONT_TUPCP_D	VERB_FRONT_DERIV_PCPS	VERB_FRONT_OPTATIVE_0_ARCHAIC
VERB_MYYDÄ		y	VERB_FRONT_DERIV_JA	VERB_FRONT_DERIV_JA_ARCHAIC	VERB_FRONT_WEAK_PRESENT	VERB_FRONT_STRONG_PRESENT	VERB_FRONT_IMPERATIVE	VERB_FRONT_POTENTIAL_N	VERB_FRONT_PASSIVE_D	VERB_FRONT_PASSIVE	VERB_FRONT_TUPCP_D	VERB_FRONT_DERIV_PCPS	VERB_FRONT_OPTATIVE_0_ARCHAIC
VERB_SYÖDÄ		yö	VERB_FRONT_DERIV_JA	VERB_FRONT_DERIV_JA_ARCHAIC	VERB_FRONT_WEAK_PRESENT	VERB_FRONT_STRONG_PRESENT	VERB_FRONT_IMPERATIVE	VERB_FRONT_POTENTIAL_N	VERB_FRONT_PASSIVE_D	VERB_FRONT_PASSIVE	VERB_FRONT_TUPCP_D	VERB_FRONT_DERIV_PCPS	VERB_FRONT_OPTATIVE_0_ARCHAIC
VERB_VIEDÄ		ie	VERB_FRONT_DERIV_JA	VERB_FRONT_DERIV_JA_ARCHAIC	VERB_FRONT_WEAK_PRESENT	VERB_FRONT_STRONG_PRESENT	VERB_FRONT_IMPERATIVE	VERB_FRONT_POTENTIAL_N	VERB_FRONT_PASSIVE_D	VERB_FRONT_PASSIVE	VERB_FRONT_TUPCP_D	VERB_FRONT_DERIV_PCPS	VERB_FRONT_OPTATIVE_0_ARCHAIC
VERB_ÖYKKÄRÖIDÄ		i	VERB_FRONT_DERIV_JA	VERB_FRONT_DERIV_JA_ARCHAIC	VERB_FRONT_WEAK_PRESENT	VERB_FRONT_STRONG_PRESENT	VERB_FRONT_IMPERATIVE	VERB_FRONT_POTENTIAL_N	VERB_FRONT_PASSIVE_D	VERB_FRONT_PASSIVE	VERB_FRONT_TUPCP_D	VERB_FRONT_DERIV_PCPS	VERB_FRONT_OPTATIVE_0_ARCHAIC
VERB_KASVAA		a	VERB_BACK_DERIV_JA	VERB_BACK_DERIV_JA_ARCHAIC	VERB_BACK_AINF	VERB_BACK_EINF	VERB_BACK_WEAK_PRESENT	VERB_BACK_STRONG_PRESENT	VERB_BACK_3SG_A	VERB_BACK_CONDITIONAL	VERB_BACK_IMPERATIVE	VERB_BACK_POTENTIAL_N	VERB_BACK_DERIV_PCPS	VERB_BACK_OPTATIVE_0_ARCHAIC
VERB_KAUNISTUA			VERB_BACK_DERIV_JA	VERB_BACK_DERIV_JA_ARCHAIC	VERB_BACK_AINF	VERB_BACK_EINF	VERB_BACK_WEAK_PRESENT	VERB_BACK_STRONG_PRESENT	VERB_BACK_3SG_U	VERB_BACK_WEAK_PAST	VERB_BACK_STRONG_PAST	VERB_BACK_CONDITIONAL	VERB_BACK_IMPERATIVE	VERB_BACK_POTENTIAL_N	VERB_BACK_PASSIVE_T	VERB_BACK_DERIV_PCPS	VERB_BACK_OPTATIVE_0_ARCHAIC
VERB_KOSIA		i	VERB_BACK_DERIV_JA	VERB_BACK_DERIV_JA_ARCHAIC	VERB_BACK_AINF	VERB_BACK_EINF	VERB_BACK_WEAK_PRESENT	VERB_BACK_STRONG_PRESENT	VERB_BACK_3SG_I	VERB_BACK_IMPERATIVE	VERB_BACK_POTENTIAL_N	VERB_BACK_PASSIVE_T	VERB_BACK_DERIV_PCPS	VERB_BACK_OPTATIVE_0_ARCHAIC
VERB_MUTRISTAA		a	VERB_BACK_DERIV_JA	VERB_BACK_DERIV_JA_ARCHAIC	VERB_BACK_AINF	VERB_BACK_EINF	VERB_BACK_WEAK_PRESENT	VERB_BACK_STRONG_PRESENT	VERB_BACK_3SG_A	VERB_BACK_CONDITIONAL	VERB_BACK_IMPERATIVE	VERB_BACK_POTENTIAL_N	VERB_BACK_DERIV_PCPS	VERB_BACK_OPTATIVE_0_ARCHAIC
VERB_PUNOA			VERB_BACK_DERIV_JA	VERB_BACK_DERIV_JA_ARCHAIC	VERB_BACK_AINF	VERB_BACK_EINF	VERB_BACK_WEAK_PRESENT	VERB_BACK_STRONG_PRESENT	VERB_BACK_3SG_O	VERB_BACK_WEAK_PAST	VERB_BACK_STRONG_PAST	VERB_BACK_CONDITIONAL	VERB_BACK_IMPERATIVE	VERB_BACK_POTENTIAL_N	VERB_BACK_PASSIVE_T	VERB_BACK_DERIV_PCPS
VERB_SOTKEA		i	VERB_BACK_DERIV_JA	VERB_BACK_DERIV_JA_ARCHAIC	VERB_BACK_AINF	VERB_BACK_WEAK_PRESENT	VERB_BACK_STRONG_PRESENT	VERB_BACK_3SG_E	VERB_BACK_IMPERATIVE	VERB_BACK_POTENTIAL_N	VERB_BACK_PASSIVE_T	VERB_BACK_DERIV_PCPS	VERB_BACK_OPTATIVE_0_ARCHAIC
VERB_AALLOTA		toa	VERB_BACK_DERIV_JA	VERB_BACK_DERIV_JA_ARCHAIC	VERB_BACK_WEAK_PRESENT	VERB_BACK_STRONG_PRESENT	VERB_BACK_3SG_A	VERB_BACK_CONDITIONAL	VERB_BACK_DERIV_PCPS
VERB_ARVAILLA		ili	VERB_BACK_DERIV_JA	VERB_BACK_DERIV_JA_ARCHAIC	VERB_BACK_WEAK_PRESENT	VERB_BACK_STRONG_PRESENT	VERB_BACK_3SG_E	VERB_BACK_DERIV_PCPS
VERB_ARVAILLA	Uarch	eli	VERB_BACK_DERIV_JA	VERB_BACK_DERIV_JA_ARCHAIC	VERB_BACK_WEAK_PRESENT	VERB_BACK_STRONG_PRESENT	VERB_BACK_3SG_E	VERB_BACK_DERIV_PCPS
VERB_ARVATA		a	VERB_BACK_DERIV_JA	VERB_BACK_DERIV_JA_ARCHAIC	VERB_BACK_WEAK_PRESENT	VERB_BACK_STRONG_PRESENT	VERB_BACK_DERIV_PCPS
VERB_ERATA		kani	VERB_BACK_DERIV_JA	VERB_BACK_DERIV_JA_ARCHAIC	VERB_BACK_WEAK_PRESENT	VERB_BACK_STRONG_PRESENT	VERB_BACK_3SG_E	VERB_BACK_DERIV_PCPS
VERB_ETUILLA		i	VERB_BACK_DERIV_JA	VERB_BACK_DERIV_JA_ARCHAIC	VERB_BACK_WEAK_PRESENT	VERB_BACK_STRONG_PRESENT	VERB_BACK_3SG_E	VERB_BACK_DERIV_PCPS
VERB_HALAJAA		ja	VERB_BACK_DERIV_JA	VERB_BACK_DERIV_JA_ARCHAIC	VERB_BACK_WEAK_PRESENT	VERB_BACK_STRONG_PRESENT	VERB_BACK_3SG_A	VERB_BACK_CONDITIONAL	VERB_BACK_DERIV_PCPS
VERB_HALJETA		kea	VERB_BACK_DERIV_JA	VERB_BACK_DERIV_JA_ARCHAIC	VERB_BACK_WEAK_PRESENT	VERB_BACK_STRONG_PRESENT	VERB_BACK_3SG_A	VERB_BACK_CONDITIONAL	VERB_BACK_DERIV_PCPS
VERB_HAPATA		pani	VERB_BACK_DERIV_JA	VERB_BACK_DERIV_JA_ARCHAIC	VERB_BACK_WEAK_PRESENT	VERB_BACK_STRONG_PRESENT	VERB_BACK_3SG_E	VERB_BACK_DERIV_PCPS
VERB_HELPOTA		poni	VERB_BACK_DERIV_JA	VERB_BACK_DERIV_JA_ARCHAIC	VERB_BACK_WEAK_PRESENT	VERB_BACK_STRONG_PRESENT	VERB_BACK_3SG_E	VERB_BACK_DERIV_PCPS
VERB_INNOTA		toa	VERB_BACK_DERIV_JA	VERB_BACK_DERIV_JA_ARCHAIC	VERB_BACK_WEAK_PRESENT	VERB_BACK_STRONG_PRESENT	VERB_BACK_3SG_A	VERB_BACK_CONDITIONAL	VERB_BACK_DERIV_PCPS
VERB_IRROTA		toa	VERB_BACK_DERIV_JA	VERB_BACK_DERIV_JA_ARCHAIC	VERB_BACK_WEAK_PRESENT	VERB_BACK_STRONG_PRESENT	VERB_BACK_3SG_A	VERB_BACK_CONDITIONAL	VERB_BACK_DERIV_PCPS
VERB_JAHDATA		taa	VERB_BACK_DERIV_JA	VERB_BACK_DERIV_JA_ARCHAIC	VERB_BACK_WEAK_PRESENT	VERB_BACK_STRONG_PRESENT	VERB_BACK_DERIV_PCPS
VERB_JUOSTA		ksi	VERB_BACK_DERIV_JA	VERB_BACK_DERIV_JA_ARCHAIC	VERB_BACK_WEAK_PRESENT	VERB_BACK_STRONG_PRESENT	VERB_BACK_3SG_E	VERB_BACK_DERIV_PCPS
VERB_KAIKOTA		koa	VERB_BACK_DERIV_JA	VERB_BACK_DERIV_JA_ARCHAIC	VERB_BACK_WEAK_PRESENT	VERB_BACK_STRONG_PRESENT	VERB_BACK_3SG_A	VERB_BACK_CONDITIONAL	VERB_BACK_DERIV_PCPS
VERB_KAIVATA		paa	VERB_BACK_DERIV_JA	VERB_BACK_DERIV_JA_ARCHAIC	VERB_BACK_WEAK_PRESENT	VERB_BACK_STRONG_PRESENT	VERB_BACK_DERIV_PCPS
VERB_KAMMETA		pea	VERB_BACK_DERIV_JA	VERB_BACK_DERIV_JA_ARCHAIC	VERB_BACK_WEAK_PRESENT	VERB_BACK_STRONG_PRESENT	VERB_BACK_3SG_A	VERB_BACK_CONDITIONAL	VERB_BACK_DERIV_PCPS
VERB_KARHETA		ni	VERB_BACK_DERIV_JA	VERB_BACK_DERIV_JA_ARCHAIC	VERB_BACK_WEAK_PRESENT	VERB_BACK_STRONG_PRESENT	VERB_BACK_3SG_E	VERB_BACK_DERIV_PCPS
VERB_KARHUTA		a	VERB_BACK_DERIV_JA	VERB_BACK_DERIV_JA_ARCHAIC	VERB_BACK_WEAK_PRESENT	VERB_BACK_STRONG_PRESENT	VERB_BACK_3SG_A	VERB_BACK_CONDITIONAL	VERB_BACK_DERIV_PCPS
VERB_KAVETA		peni	VERB_BACK_DERIV_JA	VERB_BACK_DERIV_JA_ARCHAIC	VERB_BACK_WEAK_PRESENT	VERB_BACK_STRONG_PRESENT	VERB_BACK_3SG_E	VERB_BACK_DERIV_PCPS
VERB_KIRVOTA		poa	VERB_BACK_DERIV_JA	VERB_BACK_DERIV_JA_ARCHAIC	VERB_BACK_WEAK_PRESENT	VERB_BACK_STRONG_PRESENT	VERB_BACK_3SG_A	VERB_BACK_CONDITIONAL	VERB_BACK_DERIV_PCPS
VERB_KIVUTA		pua	VERB_BACK_DERIV_JA	VERB_BACK_DERIV_JA_ARCHAIC	VERB_BACK_WEAK_PRESENT	VERB_BACK_STRONG_PRESENT	VERB_BACK_3SG_A	VERB_BACK_CONDITIONAL	VERB_BACK_DERIV_PCPS
VERB_KOMENNELLA		teli	VERB_BACK_DERIV_JA	VERB_BACK_DERIV_JA_ARCHAIC	VERB_BACK_WEAK_PRESENT	VERB_BACK_STRONG_PRESENT	VERB_BACK_3SG_E	VERB_BACK_DERIV_PCPS
VERB_KOPIOIDA		i	VERB_BACK_DERIV_JA	VERB_BACK_DERIV_JA_ARCHAIC	VERB_BACK_WEAK_PRESENT	VERB_BACK_STRONG_PRESENT	VERB_BACK_IMPERATIVE	VERB_BACK_POTENTIAL_N	VERB_BACK_PASSIVE_D	VERB_BACK_PASSIVE	VERB_BACK_TUPCP_D	VERB_BACK_DERIV_PCPS	VERB_BACK_OPTATIVE_0_ARCHAIC
VERB_KORVETA		pea	VERB_BACK_DERIV_JA	VERB_BACK_DERIV_JA_ARCHAIC	VERB_BACK_WEAK_PRESENT	VERB_BACK_STRONG_PRESENT	VERB_BACK_3SG_A	VERB_BACK_CONDITIONAL	VERB_BACK_DERIV_PCPS
VERB_KOUKUTA		kua	VERB_BACK_DERIV_JA	VERB_BACK_DERIV_JA_ARCHAIC	VERB_BACK_WEAK_PRESENT	VERB_BACK_STRONG_PRESENT	VERB_BACK_3SG_A	VERB_BACK_CONDITIONAL	VERB_BACK_DERIV_PCPS
VERB_KUMMUTA		pua	VERB_BACK_DERIV_JA	VERB_BACK_DERIV_JA_ARCHAIC	VERB_BACK_WEAK_PRESENT	VERB_BACK_STRONG_PRESENT	VERB_BACK_3SG_A	VERB_BACK_CONDITIONAL	VERB_BACK_DERIV_PCPS
VERB_LASSOTA		a	VERB_BACK_DERIV_JA	VERB_BACK_DERIV_JA_ARCHAIC	VERB_BACK_WEAK_PRESENT	VERB_BACK_STRONG_PRESENT	VERB_BACK_3SG_A	VERB_BACK_CONDITIONAL	VERB_BACK_DERIV_PCPS
VERB_LEUDOTA		toni	VERB_BACK_DERIV_JA	VERB_BACK_DERIV_JA_ARCHAIC	VERB_BACK_WEAK_PRESENT	VERB_BACK_STRONG_PRESENT	VERB_BACK_3SG_E	VERB_BACK_DERIV_PCPS
VERB_LIIDUTA		tua	VERB_BACK_DERIV_JA	VERB_BACK_DERIV_JA_ARCHAIC	VERB_BACK_WEAK_PRESENT	VERB_BACK_STRONG_PRESENT	VERB_BACK_3SG_A	VERB_BACK_CONDITIONAL	VERB_BACK_DERIV_PCPS
VERB_LOBATA		baa	VERB_BACK_DERIV_JA	VERB_BACK_DERIV_JA_ARCHAIC	VERB_BACK_WEAK_PRESENT	VERB_BACK_STRONG_PRESENT	VERB_BACK_DERIV_PCPS
VERB_LOITOTA		toni	VERB_BACK_DERIV_JA	VERB_BACK_DERIV_JA_ARCHAIC	VERB_BACK_WEAK_PRESENT	VERB_BACK_STRONG_PRESENT	VERB_BACK_3SG_E	VERB_BACK_DERIV_PCPS
VERB_LOTOTA		toa	VERB_BACK_DERIV_JA	VERB_BACK_DERIV_JA_ARCHAIC	VERB_BACK_WEAK_PRESENT	VERB_BACK_STRONG_PRESENT	VERB_BACK_3SG_A	VERB_BACK_CONDITIONAL	VERB_BACK_DERIV_PCPS
VERB_LUNTATA		taa	VERB_BACK_DERIV_JA	VERB_BACK_DERIV_JA_ARCHAIC	VERB_BACK_WEAK_PRESENT	VERB_BACK_STRONG_PRESENT	VERB_BACK_DERIV_PCPS
VERB_LUUTUTA		tua	VERB_BACK_DERIV_JA	VERB_BACK_DERIV_JA_ARCHAIC	VERB_BACK_WEAK_PRESENT	VERB_BACK_STRONG_PRESENT	VERB_BACK_3SG_A	VERB_BACK_CONDITIONAL	VERB_BACK_DERIV_PCPS
VERB_MARISTA		i	VERB_BACK_DERIV_JA	VERB_BACK_DERIV_JA_ARCHAIC	VERB_BACK_WEAK_PRESENT	VERB_BACK_STRONG_PRESENT	VERB_BACK_3SG_E	VERB_BACK_DERIV_PCPS
VERB_MELLAKOIDA		i	VERB_BACK_DERIV_JA	VERB_BACK_DERIV_JA_ARCHAIC	VERB_BACK_WEAK_PRESENT	VERB_BACK_STRONG_PRESENT	VERB_BACK_IMPERATIVE	VERB_BACK_POTENTIAL_N	VERB_BACK_PASSIVE_D	VERB_BACK_PASSIVE	VERB_BACK_TUPCP_D	VERB_BACK_DERIV_PCPS	VERB_BACK_OPTATIVE_0_ARCHAIC
VERB_MORKATA		kaa	VERB_BACK_DERIV_JA	VERB_BACK_DERIV_JA_ARCHAIC	VERB_BACK_WEAK_PRESENT	VERB_BACK_STRONG_PRESENT	VERB_BACK_DERIV_PCPS
VERB_MULLATA		taa	VERB_BACK_DERIV_JA	VERB_BACK_DERIV_JA_ARCHAIC	VERB_BACK_WEAK_PRESENT	VERB_BACK_STRONG_PRESENT	VERB_BACK_DERIV_PCPS
VERB_MUODOTA		toa	VERB_BACK_DERIV_JA	VERB_BACK_DERIV_JA_ARCHAIC	VERB_BACK_WEAK_PRESENT	VERB_BACK_STRONG_PRESENT	VERB_BACK_3SG_A	VERB_BACK_CONDITIONAL	VERB_BACK_DERIV_PCPS
VERB_NAKELLA		keli	VERB_BACK_DERIV_JA	VERB_BACK_DERIV_JA_ARCHAIC	VERB_BACK_WEAK_PRESENT	VERB_BACK_STRONG_PRESENT	VERB_BACK_3SG_E	VERB_BACK_DERIV_PCPS
VERB_NAKERRELLA		teli	VERB_BACK_DERIV_JA	VERB_BACK_DERIV_JA_ARCHAIC	VERB_BACK_WEAK_PRESENT	VERB_BACK_STRONG_PRESENT	VERB_BACK_3SG_E	VERB_BACK_DERIV_PCPS
VERB_NIUKETA		keni	VERB_BACK_DERIV_JA	VERB_BACK_DERIV_JA_ARCHAIC	VERB_BACK_WEAK_PRESENT	VERB_BACK_STRONG_PRESENT	VERB_BACK_3SG_E	VERB_BACK_DERIV_PCPS
VERB_OLLA		oli	VERB_BACK_DERIV_JA	VERB_BACK_DERIV_JA_ARCHAIC	VERB_BACK_WEAK_PRESENT	VERB_BACK_DERIV_PCPS
VERB_OMMELLA		peli	VERB_BACK_DERIV_JA	VERB_BACK_DERIV_JA_ARCHAIC	VERB_BACK_WEAK_PRESENT	VERB_BACK_STRONG_PRESENT	VERB_BACK_3SG_E	VERB_BACK_DERIV_PCPS
VERB_PALKITA		tsi	VERB_BACK_DERIV_JA	VERB_BACK_DERIV_JA_ARCHAIC	VERB_BACK_WEAK_PRESENT	VERB_BACK_STRONG_PRESENT	VERB_BACK_3SG_E	VERB_BACK_DERIV_PCPS
VERB_PANNA		ni	VERB_BACK_DERIV_JA	VERB_BACK_DERIV_JA_ARCHAIC	VERB_BACK_WEAK_PRESENT	VERB_BACK_STRONG_PRESENT	VERB_BACK_3SG_E	VERB_BACK_DERIV_PCPS
VERB_PEITOTA		toa	VERB_BACK_DERIV_JA	VERB_BACK_DERIV_JA_ARCHAIC	VERB_BACK_WEAK_PRESENT	VERB_BACK_STRONG_PRESENT	VERB_BACK_3SG_A	VERB_BACK_CONDITIONAL	VERB_BACK_DERIV_PCPS
VERB_PINGOTA		koa	VERB_BACK_DERIV_JA	VERB_BACK_DERIV_JA_ARCHAIC	VERB_BACK_WEAK_PRESENT	VERB_BACK_STRONG_PRESENT	VERB_BACK_3SG_A	VERB_BACK_CONDITIONAL	VERB_BACK_DERIV_PCPS
VERB_POIKETA		kea	VERB_BACK_DERIV_JA	VERB_BACK_DERIV_JA_ARCHAIC	VERB_BACK_WEAK_PRESENT	VERB_BACK_STRONG_PRESENT	VERB_BACK_3SG_A	VERB_BACK_CONDITIONAL	VERB_BACK_DERIV_PCPS
VERB_PULPUTA		pua	VERB_BACK_DERIV_JA	VERB_BACK_DERIV_JA_ARCHAIC	VERB_BACK_WEAK_PRESENT	VERB_BACK_STRONG_PRESENT	VERB_BACK_3SG_A	VERB_BACK_CONDITIONAL	VERB_BACK_DERIV_PCPS
VERB_RANGAISTA		kaisi	VERB_BACK_DERIV_JA	VERB_BACK_DERIV_JA_ARCHAIC	VERB_BACK_WEAK_PRESENT	VERB_BACK_STRONG_PRESENT	VERB_BACK_3SG_E	VERB_BACK_DERIV_PCPS
VERB_RENNOTA		toni	VERB_BACK_DERIV_JA	VERB_BACK_DERIV_JA_ARCHAIC	VERB_BACK_WEAK_PRESENT	VERB_BACK_STRONG_PRESENT	VERB_BACK_3SG_E	VERB_BACK_DERIV_PCPS
VERB_ROHJETA		keni	VERB_BACK_DERIV_JA	VERB_BACK_DERIV_JA_ARCHAIC	VERB_BACK_WEAK_PRESENT	VERB_BACK_STRONG_PRESENT	VERB_BACK_3SG_E	VERB_BACK_DERIV_PCPS
VERB_SAADA		a	VERB_BACK_DERIV_JA	VERB_BACK_DERIV_JA_ARCHAIC	VERB_BACK_WEAK_PRESENT	VERB_BACK_STRONG_PRESENT	VERB_BACK_IMPERATIVE	VERB_BACK_POTENTIAL_N	VERB_BACK_PASSIVE_D	VERB_BACK_PASSIVE	VERB_BACK_TUPCP_D	VERB_BACK_DERIV_PCPS	VERB_BACK_OPTATIVE_0_ARCHAIC
VERB_SAMMOTA		poa	VERB_BACK_DERIV_JA	VERB_BACK_DERIV_JA_ARCHAIC	VERB_BACK_WEAK_PRESENT	VERB_BACK_STRONG_PRESENT	VERB_BACK_3SG_A	VERB_BACK_CONDITIONAL	VERB_BACK_DERIV_PCPS
VERB_SIEPATA		paa	VERB_BACK_DERIV_JA	VERB_BACK_DERIV_JA_ARCHAIC	VERB_BACK_WEAK_PRESENT	VERB_BACK_STRONG_PRESENT	VERB_BACK_DERIV_PCPS
VERB_SULATELLA		teli	VERB_BACK_DERIV_JA	VERB_BACK_DERIV_JA_ARCHAIC	VERB_BACK_WEAK_PRESENT	VERB_BACK_STRONG_PRESENT	VERB_BACK_3SG_E	VERB_BACK_DERIV_PCPS
VERB_SUPETA		peni	VERB_BACK_DERIV_JA	VERB_BACK_DERIV_JA_ARCHAIC	VERB_BACK_WEAK_PRESENT	VERB_BACK_STRONG_PRESENT	VERB_BACK_3SG_E	VERB_BACK_DERIV_PCPS
VERB_SURRA		i	VERB_BACK_DERIV_JA	VERB_BACK_DERIV_JA_ARCHAIC	VERB_BACK_WEAK_PRESENT	VERB_BACK_STRONG_PRESENT	VERB_BACK_3SG_E	VERB_BACK_DERIV_PCPS
VERB_SUUNNATA		taa	VERB_BACK_DERIV_JA	VERB_BACK_DERIV_JA_ARCHAIC	VERB_BACK_WEAK_PRESENT	VERB_BACK_STRONG_PRESENT	VERB_BACK_DERIV_PCPS
VERB_TAPELLA		peli	VERB_BACK_DERIV_JA	VERB_BACK_DERIV_JA_ARCHAIC	VERB_BACK_WEAK_PRESENT	VERB_BACK_STRONG_PRESENT	VERB_BACK_3SG_E	VERB_BACK_DERIV_PCPS
VERB_TEMMATA		paa	VERB_BACK_DERIV_JA	VERB_BACK_DERIV_JA_ARCHAIC	VERB_BACK_WEAK_PRESENT	VERB_BACK_STRONG_PRESENT	VERB_BACK_DERIV_PCPS
VERB_TIPAHDELLA		teli	VERB_BACK_DERIV_JA	VERB_BACK_DERIV_JA_ARCHAIC	VERB_BACK_WEAK_PRESENT	VERB_BACK_STRONG_PRESENT	VERB_BACK_3SG_E	VERB_BACK_DERIV_PCPS
VERB_TODETA		tea	VERB_BACK_DERIV_JA	VERB_BACK_DERIV_JA_ARCHAIC	VERB_BACK_WEAK_PRESENT	VERB_BACK_STRONG_PRESENT	VERB_BACK_3SG_A	VERB_BACK_CONDITIONAL	VERB_BACK_DERIV_PCPS
VERB_TULLA		li	VERB_BACK_DERIV_JA	VERB_BACK_DERIV_JA_ARCHAIC	VERB_BACK_WEAK_PRESENT	VERB_BACK_STRONG_PRESENT	VERB_BACK_3SG_E	VERB_BACK_DERIV_PCPS
VERB_TUNGETA		kea	VERB_BACK_DERIV_JA	VERB_BACK_DERIV_JA_ARCHAIC	VERB_BACK_WEAK_PRESENT	VERB_BACK_STRONG_PRESENT	VERB_BACK_3SG_A	VERB_BACK_CONDITIONAL	VERB_BACK_DERIV_PCPS
VERB_TUODA		uo	VERB_BACK_DERIV_JA	VERB_BACK_DERIV_JA_ARCHAIC	VERB_BACK_WEAK_PRESENT	VERB_BACK_STRONG_PRESENT	VERB_BACK_IMPERATIVE	VERB_BACK_POTENTIAL_N	VERB_BACK_PASSIVE_D	VERB_BACK_PASSIVE	VERB_BACK_TUPCP_D	VERB_BACK_DERIV_PCPS
VERB_ULOTA		koni	VERB_BACK_DERIV_JA	VERB_BACK_DERIV_JA_ARCHAIC	VERB_BACK_WEAK_PRESENT	VERB_BACK_STRONG_PRESENT	VERB_BACK_3SG_E	VERB_BACK_DERIV_PCPS
VERB_UPOTA		poa	VERB_BACK_DERIV_JA	VERB_BACK_DERIV_JA_ARCHAIC	VERB_BACK_WEAK_PRESENT	VERB_BACK_STRONG_PRESENT	VERB_BACK_3SG_A	VERB_BACK_CONDITIONAL	VERB_BACK_DERIV_PCPS
VERB_VAAHDOTA		toa	VERB_BACK_DERIV_JA	VERB_BACK_DERIV_JA_ARCHAIC	VERB_BACK_WEAK_PRESENT	VERB_BACK_STRONG_PRESENT	VERB_BACK_3SG_A	VERB_BACK_CONDITIONAL	VERB_BACK_DERIV_PCPS
VERB_VAELLELLA		teli	VERB_BACK_DERIV_JA	VERB_BACK_DERIV_JA_ARCHAIC	VERB_BACK_WEAK_PRESENT	VERB_BACK_STRONG_PRESENT	VERB_BACK_3SG_E	VERB_BACK_DERIV_PCPS
VERB_VERRATA		taa	VERB_BACK_DERIV_JA	VERB_BACK_DERIV_JA_ARCHAIC	VERB_BACK_WEAK_PRESENT	VERB_BACK_STRONG_PRESENT	VERB_BACK_DERIV_PCPS
VERB_VONGATA		kaa	VERB_BACK_DERIV_JA	VERB_BACK_DERIV_JA_ARCHAIC	VERB_BACK_WEAK_PRESENT	VERB_BACK_STRONG_PRESENT	VERB_BACK_DERIV_PCPS
NOUN_VANKI	Uarch	ke	NOUN_BACK_WEAK_PLURALS
NOUN_VANKI	Uarch	ki	NOUN_BACK_WEAK_SINGULARS	NOUN_COMPOUND_N
PROPN_HÄMMINKI	Uarch	ke	PROPN_FRONT_WEAK_PLURALS
PROPN_HÄMMINKI	Uarch	ki	PROPN_FRONT_WEAK_SINGULARS	PROPN_COMPOUND_N
